"",Estimate,Std. Error,z value,Pr(>|z|),Odds ratio,2.5 %,97.5 %,Outcome_Period,Year
1M_2014.max_dosage_1M_cat_grouped1.0-4,-0.102026980102258,0.0237673542104859,-4.29273612867035,1.76484701046477e-05,0.903005188167897,0.861905073129169,0.946065170376293,1M,2014
1M_2014.max_dosage_1M_cat_grouped2.5-8,-0.261799730195869,0.0166010628654066,-15.7700583582157,5.00035590222146e-56,0.769665148962373,0.745025215015342,0.795119990019495,1M,2014
1M_2014.max_dosage_1M_cat_grouped3.9-12,-0.0999815282781926,0.0250025893492697,-3.99884695467004,6.36518210431035e-05,0.904854132095395,0.861581432906985,0.950300191135272,1M,2014
1M_2014.max_dosage_1M_cat_grouped5.17-20,0.00419583103556644,0.0268914741644294,0.156028301383212,0.876010713137379,1.0042046458588,0.952647346156233,1.05855222799205,1M,2014
1M_2014.max_dosage_1M_cat_grouped6.21-24,0.361463187284636,0.0189590103390409,19.0655092655497,4.88498437519267e-81,1.4354281790027,1.38306798601631,1.48977062437096,1M,2014
1M_2014.max_dosage_1M_cat_grouped7.25-32,0.295747218194764,0.0333820933342878,8.85945693198913,8.04051615561684e-19,1.34413034219001,1.25900221895017,1.43501445001611,1M,2014
1M_2014.max_dosage_1M_cat_grouped8.33-40,0.211934384804437,0.0590711090681011,3.58778408172606,0.000333500284157919,1.23606677765425,1.10093204921766,1.38778871948208,1M,2014
1M_2014.age_cat2.25-34,0.336240465472465,0.0193596204437348,17.3681331433995,1.43829774610175e-67,1.39967555799135,1.34756102001839,1.45380553350502,1M,2014
1M_2014.age_cat3.35-44,0.494084254757645,0.0209920812501611,23.5366969510873,1.71803376327435e-122,1.63899664824179,1.57293064398039,1.70783754721059,1M,2014
1M_2014.age_cat4.45-64,0.611957173758376,0.0217899467800912,28.0843812944739,1.52000850366802e-173,1.84403697003321,1.76694075261181,1.92449709579839,1M,2014
1M_2014.age_cat5.65+,0.591376395540967,0.0475156544573407,12.4459276062777,1.47164633281486e-35,1.8064731265892,1.64583429210328,1.98279083911819,1M,2014
1M_2014.raceBLACK,-0.185902860324937,0.0411536117474338,-4.51729149475026,6.26356538801093e-06,0.830354251406569,0.766008159519805,0.90010553315932,1M,2014
1M_2014.raceHISPANIC,-0.128076925083773,0.0461452014629851,-2.77551990289844,0.00551135259031496,0.87978569895293,0.803707519253776,0.963065365869363,1M,2014
1M_2014.raceASIAN - OTHER,-0.0568216299108708,0.0978661209249068,-0.580605723143664,0.561506214175263,0.94476257172231,0.779864024366712,1.14452813444263,1M,2014
1M_2014.raceUNKNOWN,-0.391242738602884,0.0140662100136091,-27.8143677809698,2.90753537784127e-170,0.676215992390427,0.657827852893253,0.695118132127452,1M,2014
1M_2014.PAT_GENDER_CDF,-0.0433264839172531,0.0124912950833261,-3.46853417745988,0.00052330595875925,0.95759869845119,0.934438960159865,0.981332442644013,1M,2014
1M_2014.paymentCASH,-0.869031970016656,0.0166210618034775,-52.2849851767495,0,0.419357303268223,0.405916156197273,0.433243528545163,1M,2014
1M_2014.paymentMEDICAID,0.198340999521653,0.0233939235969193,8.47831269944697,2.28483199922266e-17,1.21937813029379,1.16473052565909,1.27658972773757,1M,2014
1M_2014.paymentMEDICARE,0.221739559704297,0.0275883373482583,8.03743831696679,9.17360511708804e-16,1.24824624190652,1.18254324567238,1.31759974625521,1M,2014
3M_2014.max_dosage_3M_cat_grouped1.0-4,-0.340178296425093,0.0229687125499899,-14.8105078020685,1.25290209650056e-49,0.711643427971354,0.680317181762741,0.744412139147527,3M,2014
3M_2014.max_dosage_3M_cat_grouped2.5-8,-0.28938568933737,0.0162059023781496,-17.8568081298298,2.55858715153187e-71,0.748723375084453,0.725315407187335,0.772886783932699,3M,2014
3M_2014.max_dosage_3M_cat_grouped3.9-12,-0.135008913173082,0.023647294335337,-5.70927528784271,1.13458247945165e-08,0.873708124141595,0.834137719966231,0.915155696617974,3M,2014
3M_2014.max_dosage_3M_cat_grouped5.17-20,0.0359756029489618,0.0248649715538391,1.44683869318191,0.147942106939398,1.03663055545384,0.987322203236103,1.08840144076408,3M,2014
3M_2014.max_dosage_3M_cat_grouped6.21-24,0.228119971105615,0.0161065443026954,14.1631852754063,1.54814703136423e-45,1.2562360284174,1.21719827804816,1.29652579005003,3M,2014
3M_2014.max_dosage_3M_cat_grouped7.25-32,0.258215888330711,0.0291166344662649,8.86832881148697,7.42518041374033e-19,1.29461828143646,1.22280614139547,1.37064775673828,3M,2014
3M_2014.max_dosage_3M_cat_grouped8.33-40,0.234151037467217,0.0533500487271755,4.38895639373512,1.13895901883183e-05,1.2638353642854,1.13835798880054,1.40314368918465,3M,2014
3M_2014.age_cat2.25-34,0.384671032397945,0.0200506851086458,19.1849321015009,4.94586806695601e-82,1.46913094545375,1.41251585918871,1.52801522251899,3M,2014
3M_2014.age_cat3.35-44,0.564863810695701,0.0211131065366478,26.7541780133217,1.10402743188262e-157,1.7592081810683,1.68789616774449,1.83353305936655,3M,2014
3M_2014.age_cat4.45-64,0.613307272051455,0.0215169115359006,28.5034992604845,1.06010314728051e-178,1.84652828257881,1.77027499758077,1.92606612137833,3M,2014
3M_2014.age_cat5.65+,0.425753824785809,0.0423107083495528,10.0625548801598,8.0871881626901e-24,1.53074389753934,1.40892409547197,1.66309660497999,3M,2014
3M_2014.raceBLACK,-0.181618675722256,0.0361514574486874,-5.02382721305336,5.06518109671273e-07,0.833919273458737,0.776876232440796,0.895150766115045,3M,2014
3M_2014.raceHISPANIC,-0.222712018265244,0.040621896946597,-5.48256076170026,4.19212945810682e-08,0.800345300938197,0.739094512888032,0.866672109674954,3M,2014
3M_2014.raceASIAN - OTHER,-0.214081132529564,0.0859116172066199,-2.49187641311294,0.0127070243400032,0.807282885463073,0.68217789768484,0.955330947210881,3M,2014
3M_2014.raceUNKNOWN,-0.399735387387354,0.0124230634171178,-32.1768773100327,3.71766733627212e-227,0.670497444644249,0.654368818210592,0.687023603147585,3M,2014
3M_2014.PAT_GENDER_CDF,-0.0637185036180761,0.0115388334092548,-5.52209234314541,3.34986342758674e-08,0.938269081711669,0.91728762106747,0.95973045910243,3M,2014
3M_2014.paymentCASH,-0.721784362504046,0.0182498082346198,-39.5502436641949,0,0.485884487922295,0.468812053636151,0.503578638331551,3M,2014
3M_2014.paymentMEDICAID,0.162012704975016,0.0202485471772618,8.00120144703264,1.2321102016929e-15,1.17587518069089,1.13012278008965,1.22347984212401,3M,2014
3M_2014.paymentMEDICARE,0.0762868246860697,0.0225435953858337,3.38396885591764,0.000714461069229046,1.0792720916454,1.03262302329666,1.12802854626069,3M,2014
6M_2014.max_dosage_6M_cat_grouped1.0-4,-0.34113498841883,0.0261098175165449,-13.0653915218927,5.19168305274384e-39,0.710962929966817,0.675495157484657,0.748292985058863,6M,2014
6M_2014.max_dosage_6M_cat_grouped2.5-8,-0.265118797490255,0.018239586525205,-14.5353512879193,7.23414720933165e-48,0.767114813248004,0.740175669180231,0.795034423863547,6M,2014
6M_2014.max_dosage_6M_cat_grouped3.9-12,-0.103246723302476,0.0262345900558699,-3.93551883534674,8.30171526747799e-05,0.90190442519042,0.856701632058733,0.94949228732448,6M,2014
6M_2014.max_dosage_6M_cat_grouped5.17-20,0.00860096834797369,0.0274292832152869,0.313568833733876,0.753848533538195,1.0086380629498,0.955845070819832,1.06434690420963,6M,2014
6M_2014.max_dosage_6M_cat_grouped6.21-24,0.190726554139925,0.0173422379343292,10.9978051772879,3.91545957201825e-28,1.21012850220584,1.16968723478591,1.2519680033261,6M,2014
6M_2014.max_dosage_6M_cat_grouped7.25-32,0.240465635654081,0.0312452158156557,7.69607856360503,1.40305563228173e-14,1.27184122708634,1.19629124045011,1.3521624602951,6M,2014
6M_2014.max_dosage_6M_cat_grouped8.33-40,0.238333494945245,0.0576061434657209,4.13729301436517,3.51427218506635e-05,1.26913237148775,1.13363300985819,1.42082751856319,6M,2014
6M_2014.age_cat2.25-34,0.480830259231345,0.0238815018857228,20.1340041984044,3.71709536659109e-90,1.61741672004264,1.54345494693984,1.69492271313796,6M,2014
6M_2014.age_cat3.35-44,0.68059126725855,0.0248016178759272,27.4414060672688,8.79843601460689e-166,1.97504516660475,1.8813337926439,2.07342441058631,6M,2014
6M_2014.age_cat4.45-64,0.770569626037029,0.0251040231618478,30.6950651323535,6.62367731775326e-207,2.16099686333731,2.05724281047734,2.26998360114339,6M,2014
6M_2014.age_cat5.65+,0.507879070721185,0.0474521470827632,10.7029734573522,9.85636456305975e-27,1.66176297297001,1.51418080727747,1.8237294813552,6M,2014
6M_2014.raceBLACK,-0.216925984842639,0.0390732432190905,-5.55177832631648,2.82778039389986e-08,0.8049895485282,0.745643157545922,0.869059370667834,6M,2014
6M_2014.raceHISPANIC,-0.274753687600421,0.0444362268947812,-6.18310119468512,6.28543931590675e-10,0.759759238300729,0.69638884317992,0.82889624932456,6M,2014
6M_2014.raceASIAN - OTHER,-0.252745862054897,0.0943007200322501,-2.68021137026801,0.00735756848397331,0.776665236852301,0.64560212079438,0.934335360287577,6M,2014
6M_2014.raceUNKNOWN,-0.438382521425899,0.0134216446870774,-32.6623548489538,5.35082048662165e-234,0.645078979125534,0.628330823864405,0.662273556389208,6M,2014
6M_2014.PAT_GENDER_CDF,-0.0806712433210472,0.0127345454896197,-6.33483490924781,2.37595539592857e-10,0.922496918621207,0.899757052432621,0.945811497186737,6M,2014
6M_2014.paymentCASH,-0.752380382873493,0.0217464196802433,-34.5978967543349,2.71732117547709e-262,0.471243476694652,0.451580068833212,0.491763099512001,6M,2014
6M_2014.paymentMEDICAID,0.078829436138421,0.0221236513224957,3.56312956615194,0.000366459689717223,1.08201975286299,1.03610436412895,1.12996990083132,6M,2014
6M_2014.paymentMEDICARE,0.0749040194688228,0.0239665050318806,3.1253626412856,0.0017758598487586,1.077780699956,1.02832424710426,1.12961572234509,6M,2014
12M_2014.max_dosage_12M_cat_grouped1.0-4,-0.384641884090573,0.0320496937565718,-12.0014215116081,3.49245957222597e-33,0.680694360041079,0.639250981404105,0.724824560728877,12M,2014
12M_2014.max_dosage_12M_cat_grouped2.5-8,-0.281450528598148,0.0220991325324836,-12.7358179414709,3.73906844422031e-37,0.754688250237478,0.722697866767503,0.788094695220314,12M,2014
12M_2014.max_dosage_12M_cat_grouped3.9-12,-0.0802503104523474,0.0311173350471371,-2.57895833080766,0.00990987397575371,0.922885309633066,0.868281623038225,0.980922862050512,12M,2014
12M_2014.max_dosage_12M_cat_grouped5.17-20,0.0013243531785869,0.0325428844440698,0.0406956298192624,0.967538545610207,1.00132523052152,0.939452022692296,1.06727346693614,12M,2014
12M_2014.max_dosage_12M_cat_grouped6.21-24,0.155190912147941,0.0202854620330584,7.65035136468829,2.00430890699854e-14,1.16788090247497,1.12235834553154,1.21524984225942,12M,2014
12M_2014.max_dosage_12M_cat_grouped7.25-32,0.248001608787911,0.0360829430870311,6.87309813364551,6.28223165908589e-12,1.28146199379293,1.19396576243427,1.37537012634911,12M,2014
12M_2014.max_dosage_12M_cat_grouped8.33-40,0.192708808402149,0.067974414471917,2.83501976293984,0.00458228509018109,1.21252966365719,1.06128602529834,1.38532699969861,12M,2014
12M_2014.age_cat2.25-34,0.595064085693322,0.0312555541719429,19.0386669332356,8.15776146481316e-81,1.81314713802839,1.70540790944808,1.92769279767471,12M,2014
12M_2014.age_cat3.35-44,0.846773375736547,0.0320249789688569,26.441028316053,4.62733719313555e-154,2.33210985669054,2.19022782993649,2.48318294075867,12M,2014
12M_2014.age_cat4.45-64,0.959936732127957,0.0322250988224869,29.7884806316903,5.50836065504081e-195,2.61153124217179,2.45168783359571,2.78179600819604,12M,2014
12M_2014.age_cat5.65+,0.667122789505871,0.0574478718120428,11.6126632451861,3.55371596875524e-31,1.94862264967743,1.74111729334465,2.18085837487818,12M,2014
12M_2014.raceBLACK,-0.20341557750641,0.0450377735650305,-4.51655491390347,6.28538230657133e-06,0.815939085027268,0.747001570353701,0.891238542055411,12M,2014
12M_2014.raceHISPANIC,-0.218561291153707,0.0510024579969644,-4.28530897798526,1.82485388676935e-05,0.803674219814944,0.727221426658696,0.888164495596324,12M,2014
12M_2014.raceASIAN - OTHER,-0.391540211988083,0.115417432019152,-3.39238367323155,0.000692873454389708,0.676014866046395,0.539153898996117,0.847617164536201,12M,2014
12M_2014.raceUNKNOWN,-0.500032722322241,0.0156816912781839,-31.8864026495586,4.12137408738688e-223,0.606510812945655,0.588152934365029,0.625441691653102,12M,2014
12M_2014.PAT_GENDER_CDF,-0.121671224543794,0.0151780607523032,-8.01625626154713,1.09016939107141e-15,0.885439431405839,0.859486916090752,0.912175592217526,12M,2014
12M_2014.paymentCASH,-0.781979440188288,0.0276881517267899,-28.242384970452,1.76539037913017e-175,0.45749952149106,0.433333681659521,0.483013024427223,12M,2014
12M_2014.paymentMEDICAID,0.0881264275426893,0.0261093202417655,3.37528617086396,0.0007373897008217,1.09212618813061,1.03764435439256,1.14946860718856,12M,2014
12M_2014.paymentMEDICARE,0.101310145289955,0.0273980773695803,3.69771002261779,0.000217553204915623,1.10661980146519,1.04876250285322,1.16766892567501,12M,2014
18M_2014.max_dosage_18M_cat_grouped1.0-4,-0.429148422916459,0.0370849049721864,-11.5720513033084,5.7100911629384e-31,0.651063289297226,0.605419603994248,0.700148135068568,18M,2014
18M_2014.max_dosage_18M_cat_grouped2.5-8,-0.286655659128822,0.0251939398768597,-11.3779607528599,5.3844062211754e-30,0.750770205199039,0.714598184544351,0.788773205985698,18M,2014
18M_2014.max_dosage_18M_cat_grouped3.9-12,-0.0338756394196854,0.0347274545535232,-0.975471420385131,0.329326471536702,0.966691715505331,0.903083554794499,1.03478007972284,18M,2014
18M_2014.max_dosage_18M_cat_grouped5.17-20,0.0119048293624926,0.036621000480549,0.325082035069353,0.745118985126848,1.01197597388439,0.941886017123723,1.08728163822475,18M,2014
18M_2014.max_dosage_18M_cat_grouped6.21-24,0.145337523868712,0.0227888949702183,6.37755907246254,1.79932657149942e-10,1.15642982707295,1.1059139647082,1.20925314954029,18M,2014
18M_2014.max_dosage_18M_cat_grouped7.25-32,0.240499595381731,0.0403414158500662,5.9616052216803,2.49771998332179e-09,1.27188441920142,1.17519239336953,1.37653203418809,18M,2014
18M_2014.max_dosage_18M_cat_grouped8.33-40,0.171025004891244,0.0767949696939961,2.22703395251961,0.0259450047223477,1.18652041746478,1.0207213978421,1.37925069861088,18M,2014
18M_2014.age_cat2.25-34,0.678339386217294,0.0375131158877692,18.0827257390917,4.35987351732175e-73,1.97060260377729,1.83091351372681,2.1209492381262,18M,2014
18M_2014.age_cat3.35-44,0.954061581120532,0.0382064789369294,24.9711988036239,1.25691601802713e-137,2.59623308525878,2.40891938367087,2.79811199938157,18M,2014
18M_2014.age_cat4.45-64,1.08649951386757,0.0383325131898101,28.3440720019473,9.9036412490712e-177,2.96388086866375,2.74936278031391,3.19513665731227,18M,2014
18M_2014.age_cat5.65+,0.720347256040723,0.0667492353168981,10.7918428221808,3.76169800214024e-27,2.0551467488696,1.80312479824779,2.34239369537465,18M,2014
18M_2014.raceBLACK,-0.212202536959046,0.0500542367006932,-4.23945206132986,2.24066035245441e-05,0.808800868907918,0.733221794584334,0.892170486990295,18M,2014
18M_2014.raceHISPANIC,-0.209772707659967,0.056453333640274,-3.71586041307425,0.000202513366958593,0.810768506499958,0.725844693092387,0.905628404241159,18M,2014
18M_2014.raceASIAN - OTHER,-0.370605844574307,0.128490949493291,-2.88429532224491,0.00392290676337256,0.69031597973146,0.536631586853056,0.88801360849281,18M,2014
18M_2014.raceUNKNOWN,-0.552210164138793,0.0175715417121274,-31.4263923556391,8.82375515808055e-217,0.575676064711702,0.556187532435549,0.595847465387683,18M,2014
18M_2014.PAT_GENDER_CDF,-0.131199753248348,0.0171733124967433,-7.63974645387885,2.1764991439196e-14,0.877042564791027,0.848013412034221,0.907065442054802,18M,2014
18M_2014.paymentCASH,-0.790821284143794,0.0321613665411805,-24.5891692173962,1.64946569827735e-133,0.453472212767246,0.425769821329802,0.482977039353701,18M,2014
18M_2014.paymentMEDICAID,0.044858559366541,0.0298201866381991,1.50430176413041,0.132503685061648,1.04587991952823,0.986503966786502,1.10882960728035,18M,2014
18M_2014.paymentMEDICARE,0.0918313029254324,0.0304916307935131,3.01168879904478,0.00259798788599427,1.09617988414236,1.03258854984795,1.16368745186579,18M,2014
1M_2015.max_dosage_1M_cat_grouped1.0-4,-0.591766925012991,0.0313273006088899,-18.8898153850211,1.38328668181197e-79,0.553348694791848,0.520394913845763,0.588389259543366,1M,2015
1M_2015.max_dosage_1M_cat_grouped2.5-8,-0.532432049238941,0.0202606691044368,-26.2790950532993,3.32512671642023e-152,0.587175192758492,0.564315249296634,0.610961173600574,1M,2015
1M_2015.max_dosage_1M_cat_grouped3.9-12,-0.419904249050952,0.0312317648318465,-13.4447813407836,3.30380935601933e-41,0.657109735683702,0.618092359726665,0.698590102167342,1M,2015
1M_2015.max_dosage_1M_cat_grouped5.17-20,-0.0242865129874001,0.0327438438229565,-0.741712338927447,0.458261642278545,0.97600603129032,0.91533673263733,1.04069654275801,1M,2015
1M_2015.max_dosage_1M_cat_grouped6.21-24,0.354985902408638,0.0240154012585758,14.7815936359537,1.9255559470296e-49,1.42616054871113,1.36058748517539,1.49489388434132,1M,2015
1M_2015.max_dosage_1M_cat_grouped7.25-32,0.43327738386596,0.0457481170671493,9.4709337048778,2.77353284093854e-21,1.54230397161042,1.41003245527941,1.68698353852708,1M,2015
1M_2015.max_dosage_1M_cat_grouped8.33-40,0.499742000031865,0.0874009600533992,5.71780904610818,1.07906303987699e-08,1.64829595553283,1.38879889061177,1.95628004557889,1M,2015
1M_2015.age_cat2.25-34,0.259076269852425,0.0238478966094741,10.8636947775722,1.71660212448483e-27,1.29573262639564,1.23656237485149,1.35773420997691,1M,2015
1M_2015.age_cat3.35-44,0.356377745562625,0.025904193520443,13.7575310067607,4.58933956676257e-43,1.42814692254708,1.35744799026812,1.50252801359839,1M,2015
1M_2015.age_cat4.45-64,0.422148785696042,0.0271899635032764,15.5259048304781,2.31712472449435e-54,1.52523544101863,1.44608143053229,1.60872209643338,1M,2015
1M_2015.age_cat5.65+,0.454766285963102,0.0586374885107774,7.75555531986192,8.79577247749505e-15,1.57580505223351,1.40472130030658,1.76772542859761,1M,2015
1M_2015.raceBLACK,-0.203704630039847,0.0504729625117609,-4.03591586272316,5.43897064804011e-05,0.815703269850739,0.738872562515735,0.90052311887142,1M,2015
1M_2015.raceHISPANIC,-0.180915593677705,0.0580117948458084,-3.11860017705997,0.00181712358211616,0.834505793288131,0.744817079029786,0.934994562609383,1M,2015
1M_2015.raceASIAN - OTHER,0.0206582962031699,0.121075079288125,0.170623850297128,0.864519543098819,1.02087315579799,0.805216173884396,1.29428845821789,1M,2015
1M_2015.raceUNKNOWN,-0.271500558913117,0.0180027350877954,-15.0810728252718,2.15734787562132e-51,0.76223485744486,0.735808583159307,0.789610220920997,1M,2015
1M_2015.PAT_GENDER_CDF,0.00511837418716657,0.0153089601749157,0.334338461181265,0.738124170781876,1.00513149544127,0.975420482941802,1.03574749638335,1M,2015
1M_2015.paymentCASH,-0.725021447220297,0.0207304672654696,-34.9737146749197,5.64766298488937e-268,0.484314181651027,0.465030438478631,0.504397577319193,1M,2015
1M_2015.paymentMEDICAID,0.145099526280871,0.0248246781949731,5.84497108648333,5.0665626058934e-09,1.15615463231274,1.10124796579785,1.21379886758727,1M,2015
1M_2015.paymentMEDICARE,0.211499845679785,0.0349874989981371,6.04501183954435,1.49399030726773e-09,1.23552977496146,1.15364397628448,1.32322783822164,1M,2015
3M_2015.max_dosage_3M_cat_grouped1.0-4,-0.93627389748473,0.0423903621083123,-22.0869521022831,4.21920024749453e-108,0.392086069796732,0.36082670389901,0.426053516736596,3M,2015
3M_2015.max_dosage_3M_cat_grouped2.5-8,-0.606467712434057,0.0242376143582346,-25.0217576478608,3.54464120584956e-138,0.545273534297407,0.51997603050729,0.571801794238699,3M,2015
3M_2015.max_dosage_3M_cat_grouped3.9-12,-0.520826558828945,0.037708750366805,-13.8118222895932,2.16290067273186e-43,0.594029344794407,0.55170910712712,0.639595862961833,3M,2015
3M_2015.max_dosage_3M_cat_grouped5.17-20,0.0360006456356711,0.0341796445299481,1.05327735647243,0.292213893665641,1.03665651579313,0.969485048148932,1.10848200680169,3M,2015
3M_2015.max_dosage_3M_cat_grouped6.21-24,0.242353890288495,0.02311999644785,10.4824363115779,1.04028731525788e-25,1.27424505598392,1.21779217899162,1.33331490439029,3M,2015
3M_2015.max_dosage_3M_cat_grouped7.25-32,0.401966819691114,0.0430001071999807,9.34804226932936,8.92849908814395e-21,1.49476173519713,1.37394774014492,1.62619914842894,3M,2015
3M_2015.max_dosage_3M_cat_grouped8.33-40,0.436934253918789,0.080821127501697,5.40618854778554,6.43800245154964e-08,1.54795430178148,1.3211832740984,1.8136488459854,3M,2015
3M_2015.age_cat2.25-34,0.336730501070648,0.0283619209069792,11.8726267580764,1.6422881061206e-32,1.4003616169236,1.32464189841214,1.48040965675595,3M,2015
3M_2015.age_cat3.35-44,0.393912735752952,0.0301390098342867,13.0698632078095,4.89534770713805e-39,1.48277115012094,1.39771863627239,1.57299919066294,3M,2015
3M_2015.age_cat4.45-64,0.442937358443904,0.0312808366977691,14.160022723289,1.61941781009059e-45,1.55727478117081,1.46466719367681,1.65573773655895,3M,2015
3M_2015.age_cat5.65+,0.323275433875162,0.0635607104472088,5.08608905722762,3.65522466839989e-07,1.3816458505727,1.21981441773896,1.56494728103244,3M,2015
3M_2015.raceBLACK,-0.259489655852503,0.0531395323089281,-4.88317537956399,1.04390944072779e-06,0.771445187895519,0.695140548827984,0.856125684123226,3M,2015
3M_2015.raceHISPANIC,-0.296956117169894,0.062774509613428,-4.7305207001788,2.23944689162833e-06,0.743076619951547,0.657052145096394,0.840363839064264,3M,2015
3M_2015.raceASIAN - OTHER,-0.16391093970246,0.124947897628925,-1.31183431504585,0.189576044004467,0.848817614463309,0.664444238715551,1.084351854741,3M,2015
3M_2015.raceUNKNOWN,-0.348471158099581,0.0186483358285652,-18.6864480189057,6.38233461647123e-78,0.705766270370873,0.680436194000518,0.732039290068736,3M,2015
3M_2015.PAT_GENDER_CDF,0.00897537331001917,0.016536412792629,0.542764227198047,0.587292146311205,1.00901577274927,0.976837076113311,1.04225449110483,3M,2015
3M_2015.paymentCASH,-0.553631529109037,0.0255498939699801,-21.6686429211615,4.05532381933396e-104,0.57485840015665,0.546780191453428,0.604378478584315,3M,2015
3M_2015.paymentMEDICAID,0.127374683538054,0.0255777477871879,4.97990224150454,6.36163996217142e-07,1.13584251955615,1.08030479516927,1.194235400047,3M,2015
3M_2015.paymentMEDICARE,0.070574628562563,0.034688569948792,2.03452113093007,0.0418990802879379,1.07312465219269,1.00258962809696,1.14862201530007,3M,2015
6M_2015.max_dosage_6M_cat_grouped1.0-4,-0.963332001292441,0.0556296721973791,-17.3168735899513,3.50912127188033e-67,0.381619209508381,0.342198549846039,0.425581058515076,6M,2015
6M_2015.max_dosage_6M_cat_grouped2.5-8,-0.613569177616839,0.0305625089809823,-20.075877212785,1.19946317635408e-89,0.541415010081882,0.50993572302204,0.574837572478316,6M,2015
6M_2015.max_dosage_6M_cat_grouped3.9-12,-0.477437430494224,0.0469289134595715,-10.1736306105942,2.60031661129768e-24,0.620371100695013,0.56585556961065,0.680138754916479,6M,2015
6M_2015.max_dosage_6M_cat_grouped5.17-20,0.0503436938807609,0.040546638049526,1.24162436893703,0.214375186341717,1.05163247391694,0.971293824672329,1.13861617576921,6M,2015
6M_2015.max_dosage_6M_cat_grouped6.21-24,0.228844200311785,0.0269760946745623,8.48322201832937,2.19042132282791e-17,1.25714616077146,1.19240470221998,1.32540274841257,6M,2015
6M_2015.max_dosage_6M_cat_grouped7.25-32,0.388729181288738,0.0491878322674985,7.90295411220218,2.72369878159156e-15,1.47510501119592,1.3395353519669,1.62439519857411,6M,2015
6M_2015.max_dosage_6M_cat_grouped8.33-40,0.466906523498582,0.0909734035233271,5.13234094159024,2.86160530618227e-07,1.59505229653985,1.3345603730505,1.9063894598351,6M,2015
6M_2015.age_cat2.25-34,0.377513064379431,0.0360877931654043,10.4609628704405,1.30522466144245e-25,1.45865250005957,1.35904505747419,1.56556039421116,6M,2015
6M_2015.age_cat3.35-44,0.484176835335319,0.0378944210244066,12.7769951947142,2.20421900957986e-37,1.62283859548728,1.5066748474918,1.747958500394,6M,2015
6M_2015.age_cat4.45-64,0.565361676139285,0.0390243702897999,14.4874003588229,1.45547899240919e-47,1.76008424809337,1.6304814117614,1.89998888551559,6M,2015
6M_2015.age_cat5.65+,0.372743877403225,0.0776589921986726,4.79975166880412,1.58862490525519e-06,1.45171247584434,1.24674362186032,1.69037890033675,6M,2015
6M_2015.raceBLACK,-0.294084308454382,0.063050679008015,-4.66425283726125,3.09740363215915e-06,0.745213660982815,0.658585208358497,0.843236977489344,6M,2015
6M_2015.raceHISPANIC,-0.327626863703341,0.0753054774352658,-4.35063789330565,1.35742058838611e-05,0.720631863449285,0.621746461620602,0.835244451998633,6M,2015
6M_2015.raceASIAN - OTHER,-0.40387812240843,0.158031539894677,-2.55568048427296,0.0105980384001432,0.667725497085299,0.489870480159252,0.910153515094164,6M,2015
6M_2015.raceUNKNOWN,-0.413197325000111,0.0218589684414739,-18.9028739442313,1.08005940065549e-79,0.661531733198592,0.63378841160579,0.690489485157913,6M,2015
6M_2015.PAT_GENDER_CDF,-0.00993501115889867,0.0198919535275579,-0.499448741680142,0.617463288812065,0.990114178031303,0.952254904070005,1.02947864206172,6M,2015
6M_2015.paymentCASH,-0.529058451848776,0.0320116986223235,-16.5270346347642,2.34394812202163e-61,0.589159430584216,0.553330266805669,0.627308599347275,6M,2015
6M_2015.paymentMEDICAID,0.102676518668325,0.030507663862375,3.36559754727585,0.000763780558607711,1.10813289078896,1.04381533981676,1.17641354443389,6M,2015
6M_2015.paymentMEDICARE,0.0394167707086552,0.0408329508428867,0.965317712656121,0.334385702669291,1.04020391984695,0.960199366805345,1.12687451405528,6M,2015
12M_2015.max_dosage_12M_cat_grouped1.0-4,-0.971528318064622,0.0755434470008023,-12.8605240644407,7.50660035265265e-38,0.37850412114558,0.326413350828796,0.438907812319634,12M,2015
12M_2015.max_dosage_12M_cat_grouped2.5-8,-0.651580101957752,0.0411739293171342,-15.8250648593454,2.08983663196605e-56,0.521221542565643,0.480811719758134,0.565027609084007,12M,2015
12M_2015.max_dosage_12M_cat_grouped3.9-12,-0.523777982555265,0.0636399158575856,-8.2303374461931,1.86686784333285e-16,0.592278697214263,0.522824243643356,0.670959809991363,12M,2015
12M_2015.max_dosage_12M_cat_grouped5.17-20,0.0408596769010669,0.0521407560023672,0.783641819447571,0.433250310049022,1.04170591988625,0.940508749748067,1.15379173645832,12M,2015
12M_2015.max_dosage_12M_cat_grouped6.21-24,0.191318904152866,0.0344181350562191,5.55866562323506,2.71844922724563e-08,1.21084553418577,1.13185807788454,1.2953451817898,12M,2015
12M_2015.max_dosage_12M_cat_grouped7.25-32,0.276807041872428,0.0635042241005354,4.35887605577554,1.30732123636815e-05,1.31891185171862,1.16455734072439,1.49372505051731,12M,2015
12M_2015.max_dosage_12M_cat_grouped8.33-40,0.406994036687066,0.11467412291695,3.54913581490238,0.000386497679935343,1.50229514697916,1.19989839912199,1.88090150823485,12M,2015
12M_2015.age_cat2.25-34,0.357378458416576,0.0489003981898174,7.30829342185179,2.70556484283047e-13,1.42957680286028,1.29892297346268,1.57337261487348,12M,2015
12M_2015.age_cat3.35-44,0.554449027189769,0.0506750913288499,10.9412536346849,7.31809121555156e-28,1.7409814870073,1.57637463109368,1.92277678054185,12M,2015
12M_2015.age_cat4.45-64,0.642927454338896,0.0519189646763926,12.3832872698102,3.21883397075646e-35,1.90204087482946,1.71801259280833,2.10578170652887,12M,2015
12M_2015.age_cat5.65+,0.386708360839369,0.101543565649348,3.80829999780348,0.000139925453717439,1.47212709875092,1.20645538834205,1.79630197338252,12M,2015
12M_2015.raceBLACK,-0.234221317852378,0.0777277501226266,-3.01335517216001,0.00258376332694592,0.791186692777687,0.679386625846148,0.921384612257956,12M,2015
12M_2015.raceHISPANIC,-0.291370447746271,0.0942458992362867,-3.09159815023641,0.00199082154655809,0.747238813804895,0.621208182355934,0.898838522601139,12M,2015
12M_2015.raceASIAN - OTHER,-0.379209078371432,0.2004880535237,-1.89142979697095,0.0585669941216691,0.684402503945401,0.462014758960631,1.01383511743323,12M,2015
12M_2015.raceUNKNOWN,-0.509956106601451,0.0276883246167464,-18.4177307099694,9.46909229129266e-76,0.600521937182509,0.568801237056354,0.634011625754786,12M,2015
12M_2015.PAT_GENDER_CDF,-0.0363400380923545,0.0258632075552684,-1.40508627998664,0.159995623407593,0.964312334800301,0.916648685110277,1.01445438601828,12M,2015
12M_2015.paymentCASH,-0.538183795304226,0.0429636734466117,-12.5264846352813,5.34811241360919e-36,0.583807604195083,0.536659723194074,0.63509763074347,12M,2015
12M_2015.paymentMEDICAID,0.0183823993458903,0.0403590520066101,0.45547153443742,0.64877004186438,1.01855239569807,0.94108681159244,1.10239456126985,12M,2015
12M_2015.paymentMEDICARE,0.056072678363668,0.051334989722647,1.09228965792372,0.274705804663507,1.05767455099894,0.956435378615779,1.16962994138699,12M,2015
18M_2015.max_dosage_18M_cat_grouped1.0-4,-0.961930578121786,0.0904570633426077,-10.6341123907423,2.067883086495e-26,0.382154394433639,0.320067565137582,0.456284850738201,18M,2015
18M_2015.max_dosage_18M_cat_grouped2.5-8,-0.712495339189329,0.0503638062425896,-14.1469716517735,1.94974410724914e-45,0.490418907820258,0.444321630601625,0.541298664262543,18M,2015
18M_2015.max_dosage_18M_cat_grouped3.9-12,-0.504119831790724,0.0755670801390246,-6.67115668440899,2.53795077968012e-11,0.604036995683953,0.520883647617415,0.700464861632368,18M,2015
18M_2015.max_dosage_18M_cat_grouped5.17-20,0.019389214774653,0.0619057139346364,0.313205575742576,0.754124482567991,1.01957840638009,0.903080344017457,1.15110480882802,18M,2015
18M_2015.max_dosage_18M_cat_grouped6.21-24,0.100814564967947,0.0414063299374053,2.43476215159253,0.0149015812461992,1.10607151833802,1.01985417313297,1.1995775826659,18M,2015
18M_2015.max_dosage_18M_cat_grouped7.25-32,0.239345209981704,0.0752911248331068,3.17892992716267,0.00147819821684731,1.27041702153155,1.09612070740306,1.47242853610613,18M,2015
18M_2015.max_dosage_18M_cat_grouped8.33-40,0.411452230750341,0.133307138499081,3.08649810792525,0.00202529235549836,1.50900762192487,1.16203762847038,1.95957854310171,18M,2015
18M_2015.age_cat2.25-34,0.414010196978664,0.0605533461120231,6.83711509868917,8.08038202608567e-12,1.51287255353489,1.34356673381596,1.7035129745574,18M,2015
18M_2015.age_cat3.35-44,0.635292189854384,0.0623840252786944,10.183571627773,2.34782391948431e-24,1.88757359074349,1.67033089429439,2.13307080210439,18M,2015
18M_2015.age_cat4.45-64,0.722987665072253,0.0637518077731766,11.3406613918241,8.25184368208319e-30,2.06058034721069,1.81854443093964,2.33482960057074,18M,2015
18M_2015.age_cat5.65+,0.40523313488054,0.123111529928542,3.29159368838769,0.000996214279165258,1.49965208051413,1.17814241103098,1.90890026666836,18M,2015
18M_2015.raceBLACK,-0.263423910513054,0.0916385734460946,-2.87459636926812,0.004045442933685,0.768416088600813,0.642086522539566,0.919600808447412,18M,2015
18M_2015.raceHISPANIC,-0.329005347628725,0.11209895327006,-2.93495468094257,0.00333596406542278,0.719639168373697,0.577691517954426,0.89646552971969,18M,2015
18M_2015.raceASIAN - OTHER,-0.306636230963652,0.228539142594497,-1.34172303038576,0.179685816791728,0.735918256496891,0.470215245715561,1.15176120974399,18M,2015
18M_2015.raceUNKNOWN,-0.569572899892837,0.0326099065259462,-17.4662536809069,2.58949788866251e-68,0.565767026262374,0.53073781209028,0.603108202796225,18M,2015
18M_2015.PAT_GENDER_CDF,-0.0418679896101569,0.0308631910308905,-1.35656710183506,0.174918800807544,0.958996369701383,0.902705663737517,1.01879723817469,18M,2015
18M_2015.paymentCASH,-0.572053951815399,0.0525622861030468,-10.8833537166535,1.38376255394066e-27,0.564365068777959,0.509118673392965,0.625606459755422,18M,2015
18M_2015.paymentMEDICAID,-0.0205097174557503,0.0487475723713919,-0.420733104399402,0.673949984840684,0.979699176244868,0.890427848036824,1.07792055027369,18M,2015
18M_2015.paymentMEDICARE,0.112216644647263,0.0595285692441657,1.88508889214167,0.0594178374630963,1.11875520671974,0.995552711483267,1.25720436308968,18M,2015
1M_2016.max_dosage_1M_cat_grouped1.0-4,-0.563145989832209,0.0291612080043995,-19.3114767312537,4.30097320022081e-83,0.569414869679986,0.537782590556119,0.602907754000344,1M,2016
1M_2016.max_dosage_1M_cat_grouped2.5-8,-0.574983406125903,0.0189022333905898,-30.4188078860644,3.098465538463e-203,0.562714206338175,0.542248387609184,0.583952456568705,1M,2016
1M_2016.max_dosage_1M_cat_grouped3.9-12,-0.456855873025894,0.028765386691078,-15.8821391115731,8.42553115985397e-57,0.633271605005948,0.598556117417554,0.670000546376588,1M,2016
1M_2016.max_dosage_1M_cat_grouped5.17-20,0.0771152586061268,0.030895064430569,2.4960381221871,0.0125589103630584,1.08016656771109,1.01669995600047,1.14759502753458,1M,2016
1M_2016.max_dosage_1M_cat_grouped6.21-24,0.448530325670404,0.0243095529439436,18.4507846238344,5.13934694105639e-76,1.5660089702331,1.49314476660048,1.64242888546836,1M,2016
1M_2016.max_dosage_1M_cat_grouped7.25-32,0.218820742869896,0.0456515700502314,4.79327967535668,1.64076636911053e-06,1.24460815180437,1.1380830474758,1.36110405560788,1M,2016
1M_2016.max_dosage_1M_cat_grouped8.33-40,0.548887587776822,0.0980559025631141,5.59770063228502,2.17213410380058e-08,1.73132599804338,1.42860943813824,2.0981869722261,1M,2016
1M_2016.age_cat2.25-34,0.324269886255717,0.0242075197649589,13.3954196631539,6.43114931540212e-41,1.38302051498375,1.31893424372006,1.45022070203515,1M,2016
1M_2016.age_cat3.35-44,0.428368293201847,0.0256422202296862,16.7055851390716,1.19351435035798e-62,1.53475121533275,1.45952416040683,1.61385563655815,1M,2016
1M_2016.age_cat4.45-64,0.533546643401344,0.0267250367053862,19.9642997419649,1.12594836131924e-88,1.70496851348603,1.61796070789233,1.79665526968547,1M,2016
1M_2016.age_cat5.65+,0.647140545055001,0.0476297461366344,13.5868988929432,4.78947232560341e-42,1.91007125005216,1.73983095817765,2.09696934241083,1M,2016
1M_2016.raceBLACK,-0.174172792053693,0.0477085200883473,-3.65076912323329,0.00026145618911977,0.840151713575462,0.765152764310245,0.922501930003593,1M,2016
1M_2016.raceHISPANIC,-0.127194057426538,0.0545360883611768,-2.33229153847941,0.0196853593651378,0.880562776269574,0.791296272902573,0.979899475713882,1M,2016
1M_2016.raceASIAN - OTHER,-0.157456348801326,0.110456758536834,-1.42550216833332,0.154012093767606,0.854314104629286,0.688012950804261,1.06081228342485,1M,2016
1M_2016.raceUNKNOWN,-0.261357110736031,0.0172056431890052,-15.1901970687759,4.10683162571042e-52,0.770005893139302,0.744472361055334,0.796415161240868,1M,2016
1M_2016.PAT_GENDER_CDF,0.0245347546571372,0.0143677001773507,1.70763270073063,0.0877045167504314,1.02483820838882,0.99638114367009,1.05410801885002,1M,2016
1M_2016.paymentCASH,-0.68047601559437,0.0203338547929176,-33.4651753208833,1.54833553986471e-245,0.506375892165131,0.48659183004357,0.526964343283512,1M,2016
1M_2016.paymentMEDICAID,0.0758644248450496,0.0231751264213606,3.27352798279129,0.00106213873341833,1.07881630355466,1.03091010761357,1.12894869127775,1M,2016
1M_2016.paymentMEDICARE,0.278973097023554,0.0329321606180067,8.47114467403079,2.42993210741764e-17,1.32177178379604,1.23915196725713,1.40990023387248,1M,2016
3M_2016.max_dosage_3M_cat_grouped1.0-4,-0.82724163551488,0.0369986237793081,-22.3587136767375,9.93345910366814e-111,0.437253729569753,0.406668221894357,0.470139572578467,3M,2016
3M_2016.max_dosage_3M_cat_grouped2.5-8,-0.651206062915956,0.0222394841148064,-29.2815273751068,1.78276163735405e-188,0.521416536237337,0.499176943039199,0.54464695946582,3M,2016
3M_2016.max_dosage_3M_cat_grouped3.9-12,-0.497823226301549,0.0335498685136046,-14.8383063289706,8.28206600519659e-50,0.6078523777186,0.569167927902144,0.649166080843684,3M,2016
3M_2016.max_dosage_3M_cat_grouped5.17-20,0.0552379949258406,0.0312197471978193,1.76932870647008,0.0768390355340685,1.05679209590517,0.994066090411466,1.12347613980613,3M,2016
3M_2016.max_dosage_3M_cat_grouped6.21-24,0.259352978795451,0.0225464880835951,11.5030322165409,1.27361072966593e-30,1.29609121681144,1.24006360688176,1.35465022356384,3M,2016
3M_2016.max_dosage_3M_cat_grouped7.25-32,0.295921205125921,0.0443930887725092,6.66592961445775,2.62995285834329e-11,1.34436422364889,1.23233697942232,1.46657545460844,3M,2016
3M_2016.max_dosage_3M_cat_grouped8.33-40,0.402511246758096,0.089420678989021,4.50132174468856,6.75321881995544e-06,1.49557574550898,1.2551435348803,1.78206455946734,3M,2016
3M_2016.age_cat2.25-34,0.371553528659259,0.0287496884783399,12.9237410325051,3.30664775670714e-38,1.44998545980173,1.37054048230938,1.53403555806959,3M,2016
3M_2016.age_cat3.35-44,0.479218251240267,0.0298733840325587,16.0416459922308,6.53978185715304e-58,1.61481153172137,1.52297779562463,1.71218273206067,3M,2016
3M_2016.age_cat4.45-64,0.569371957815583,0.0306458977068566,18.5790595290081,4.74752231008172e-77,1.76715685379409,1.664137717735,1.87655343222543,3M,2016
3M_2016.age_cat5.65+,0.468328778487449,0.0502419072315214,9.32147691625891,1.14731954764008e-20,1.59732248163447,1.44752680698426,1.76261959227581,3M,2016
3M_2016.raceBLACK,-0.195949919411765,0.048843844118331,-4.01176285259303,6.02670246818777e-05,0.822053402565283,0.747005975350955,0.904640416499576,3M,2016
3M_2016.raceHISPANIC,-0.202155659409292,0.0571148216844243,-3.53946057165792,0.000400945659198267,0.816967749326948,0.730446963897768,0.913736843916505,3M,2016
3M_2016.raceASIAN - OTHER,-0.0926240564209256,0.115030884203767,-0.805210331660584,0.420698315446168,0.911536122041058,0.7275442576202,1.14205849758683,3M,2016
3M_2016.raceUNKNOWN,-0.316888060101323,0.0175423385163962,-18.0641856731439,6.10156770239738e-73,0.728412288959993,0.70379341407915,0.753892338424563,3M,2016
3M_2016.PAT_GENDER_CDF,0.0305660711431426,0.0152136368025573,2.00912323199438,0.0445240664336698,1.03103800965831,1.00074817067642,1.06224463707153,3M,2016
3M_2016.paymentCASH,-0.499316132309931,0.0242121929491165,-20.6225075671285,1.72387979715285e-94,0.606945588295802,0.578815700595814,0.636442561548583,3M,2016
3M_2016.paymentMEDICAID,0.0350432420674357,0.0239105929776343,1.46559485581201,0.142758693537793,1.03566449210516,0.988248930504193,1.08535502250452,3M,2016
3M_2016.paymentMEDICARE,0.0832918658696694,0.0315560386255972,2.63949055386521,0.00830307371365143,1.08685897930153,1.02167472350934,1.15620208047319,3M,2016
6M_2016.max_dosage_6M_cat_grouped1.0-4,-0.802408025862009,0.0462617551507193,-17.3449542337464,2.15349646905151e-67,0.448248270042926,0.409393124567898,0.490791123589453,6M,2016
6M_2016.max_dosage_6M_cat_grouped2.5-8,-0.625184061367619,0.0272723306000896,-22.923749001692,2.69359802138695e-116,0.535162916634818,0.507308059686863,0.564547205336862,6M,2016
6M_2016.max_dosage_6M_cat_grouped3.9-12,-0.455629878613566,0.040754142510676,-11.1799647973015,5.11102564024884e-29,0.634048468573062,0.58537270610902,0.686771788818204,6M,2016
6M_2016.max_dosage_6M_cat_grouped5.17-20,0.00889340438098948,0.0367010231703094,0.242320339128423,0.808531954987325,1.00893306819666,0.938906593438119,1.08418232784282,6M,2016
6M_2016.max_dosage_6M_cat_grouped6.21-24,0.237383095410706,0.0256541163242865,9.25321661483146,2.17836375268784e-20,1.26792676166888,1.20575020665708,1.33330955622498,6M,2016
6M_2016.max_dosage_6M_cat_grouped7.25-32,0.289810145679705,0.0502374924717919,5.76880197279815,7.98370515031519e-09,1.33617378557712,1.21087891233979,1.47443346074435,6M,2016
6M_2016.max_dosage_6M_cat_grouped8.33-40,0.354584686994671,0.100772769439039,3.51865577346439,0.00043373909410955,1.42558846588809,1.1700818320323,1.73688918025782,6M,2016
6M_2016.age_cat2.25-34,0.45902827919053,0.0365970697243804,12.5427604627245,4.35554558948056e-36,1.5825354549714,1.47299735318422,1.7002192575755,6M,2016
6M_2016.age_cat3.35-44,0.607528255026193,0.0376370604563608,16.1417562280297,1.29794950183409e-58,1.83588793917199,1.7053339762429,1.97643662306127,6M,2016
6M_2016.age_cat4.45-64,0.721494140939954,0.0383097530302674,18.8331712911311,4.03836954512989e-79,2.05750511777192,1.90867332169541,2.2179423065951,6M,2016
6M_2016.age_cat5.65+,0.603600151271833,0.0599883295223053,10.0619596524587,8.13624259066393e-24,1.82869052621265,1.62584094398815,2.05684882830966,6M,2016
6M_2016.raceBLACK,-0.228434934814985,0.0565242380878833,-4.0413624763914,5.31415423818716e-05,0.795778072967615,0.712325431185898,0.889007627260729,6M,2016
6M_2016.raceHISPANIC,-0.265298697774311,0.067384602908358,-3.9370818603044,8.24784771010205e-05,0.766976821487948,0.672085245832251,0.87526611891519,6M,2016
6M_2016.raceASIAN - OTHER,-0.313062563226302,0.141167228124069,-2.21767167483913,0.0265772269132172,0.731204164646203,0.554468519735529,0.964273915227818,6M,2016
6M_2016.raceUNKNOWN,-0.362409798216106,0.0201643555222845,-17.972793517531,3.18276596242119e-72,0.695997091026481,0.669026767254018,0.724054663321715,6M,2016
6M_2016.PAT_GENDER_CDF,0.0278269804902043,0.0178928133524389,1.5552043125969,0.119897417544496,1.02821776729624,0.992783872918083,1.06491634868741,6M,2016
6M_2016.paymentCASH,-0.49460801421011,0.029746453561884,-16.6274615957541,4.40880797947735e-62,0.609809897267176,0.575273331581985,0.646419867547792,6M,2016
6M_2016.paymentMEDICAID,-0.0108256204094895,0.0282517679586237,-0.383183821463642,0.701583472857031,0.989232765740438,0.935945464983963,1.04555393602045,6M,2016
6M_2016.paymentMEDICARE,0.0918202112079395,0.0358472800429078,2.56142756432382,0.0104242976719718,1.09616772569219,1.0217949476872,1.17595383062809,6M,2016
12M_2016.max_dosage_12M_cat_grouped1.0-4,-0.776555449239056,0.0602314985972758,-12.8928462237229,4.93868787482605e-38,0.459987736683042,0.4087682059449,0.517625184203558,12M,2016
12M_2016.max_dosage_12M_cat_grouped2.5-8,-0.579506460564476,0.0348841700657821,-16.6123046491197,5.67696367197798e-62,0.560174766690758,0.523154641214399,0.59981455676018,12M,2016
12M_2016.max_dosage_12M_cat_grouped3.9-12,-0.438167106826357,0.0524168324704822,-8.35928243228175,6.31008807538695e-17,0.645217953523515,0.582222727795747,0.715029124893797,12M,2016
12M_2016.max_dosage_12M_cat_grouped5.17-20,0.0473807405508348,0.0453540383608515,1.04468625646648,0.29616799884527,1.04852114761002,0.959338263372522,1.14599473299496,12M,2016
12M_2016.max_dosage_12M_cat_grouped6.21-24,0.230825763294307,0.0315576320465282,7.31441962926689,2.58496166576945e-13,1.25963974484828,1.18408928239348,1.34001068195984,12M,2016
12M_2016.max_dosage_12M_cat_grouped7.25-32,0.265163086690313,0.0617738770963336,4.2924792671958,1.76689053368539e-05,1.30364356535705,1.15498633460864,1.47143433179468,12M,2016
12M_2016.max_dosage_12M_cat_grouped8.33-40,0.26881119399384,0.125778930976048,2.13717187694201,0.0325840145341989,1.30840808241966,1.02253927531877,1.67419653353402,12M,2016
12M_2016.age_cat2.25-34,0.566243437220763,0.0500786234181957,11.3070887051385,1.21039252149461e-29,1.76163690631966,1.59694293971893,1.9433158897047,12M,2016
12M_2016.age_cat3.35-44,0.78728092094885,0.0509599021692301,15.4490273221956,7.65905177178399e-54,2.19741335509991,1.98854128641301,2.42822489337471,12M,2016
12M_2016.age_cat4.45-64,0.904749522303078,0.0516117500592371,17.529913658511,8.46979868236952e-69,2.47131283677933,2.23355023018822,2.73438539894203,12M,2016
12M_2016.age_cat5.65+,0.668952378576725,0.078719499094136,8.49792473624311,1.93010183333949e-17,1.95219109177642,1.67307791922392,2.27786764443046,12M,2016
12M_2016.raceBLACK,-0.311911265294163,0.0705712077476537,-4.41980908714904,9.87881347135989e-06,0.732046483275739,0.637482603579233,0.840637925909724,12M,2016
12M_2016.raceHISPANIC,-0.409077231146319,0.0868938907650311,-4.70777896518066,2.50430433369503e-06,0.664262928553688,0.560242178280403,0.787597320153711,12M,2016
12M_2016.raceASIAN - OTHER,-0.569838076325441,0.192859766507286,-2.95467575557764,0.003129978158763,0.565617018070862,0.387578731506032,0.825439027286757,12M,2016
12M_2016.raceUNKNOWN,-0.436692742991669,0.0246271185101553,-17.7321899357244,2.36634865810116e-70,0.6461699411553,0.615721204303744,0.678124433484133,12M,2016
12M_2016.PAT_GENDER_CDF,0.0370069719641886,0.0224000503408561,1.65209324983929,0.0985155428094532,1.03770025562196,0.993127405088865,1.08427359370022,12M,2016
12M_2016.paymentCASH,-0.467381323235877,0.0379403572490326,-12.3188434987073,7.17153570671633e-35,0.626641092038507,0.581733373703434,0.675015524262149,12M,2016
12M_2016.paymentMEDICAID,-0.0688022775184955,0.0360399808264614,-1.90905422091621,0.0562550974530787,0.933511237990464,0.869845784760349,1.0018364711563,12M,2016
12M_2016.paymentMEDICARE,0.0487512238714562,0.0442169287769266,1.10254658611422,0.270224117054117,1.0499591134832,0.962797312862578,1.14501165017665,12M,2016
18M_2016.max_dosage_18M_cat_grouped1.0-4,-0.849674677947981,0.0750923031571335,-11.3150701499993,1.10513880248479e-29,0.427554002071514,0.369039022813062,0.49534714051085,18M,2016
18M_2016.max_dosage_18M_cat_grouped2.5-8,-0.568940633609534,0.0416614943107225,-13.656270448828,1.85230427026193e-42,0.566124854786819,0.521734906525174,0.614291563012245,18M,2016
18M_2016.max_dosage_18M_cat_grouped3.9-12,-0.384806921732407,0.0614528866821659,-6.26182011143963,3.80509743868452e-10,0.680582029118759,0.603353290129045,0.76769598498475,18M,2016
18M_2016.max_dosage_18M_cat_grouped5.17-20,0.0651714502425852,0.0531099311876178,1.22710477655033,0.219783212817207,1.06734200474337,0.961825630418704,1.18443397541159,18M,2016
18M_2016.max_dosage_18M_cat_grouped6.21-24,0.204085740547374,0.0372576924962348,5.47768063113406,4.30937011878468e-08,1.22640330143879,1.14003846732845,1.31931079598092,18M,2016
18M_2016.max_dosage_18M_cat_grouped7.25-32,0.254900727675292,0.072450708236054,3.51826412579421,0.000434379784561222,1.29033352010637,1.1195199181214,1.48720944233309,18M,2016
18M_2016.max_dosage_18M_cat_grouped8.33-40,0.368339116917994,0.141349530743569,2.60587435260908,0.00916400714801538,1.44533209244114,1.09559667926573,1.90670973814956,18M,2016
18M_2016.age_cat2.25-34,0.668815910551711,0.0628967860936723,10.6335466736828,2.08046922486437e-26,1.95192469829118,1.72554074213955,2.20800931253294,18M,2016
18M_2016.age_cat3.35-44,0.926634279642519,0.0636643906902628,14.5549854415593,5.42974953810152e-48,2.52599306794363,2.22967172650794,2.86169524573578,18M,2016
18M_2016.age_cat4.45-64,1.02012170270286,0.0644262171276416,15.8339531355967,1.8145395460476e-56,2.77353228980111,2.4445196402576,3.1468273913147,18M,2016
18M_2016.age_cat5.65+,0.381719983535336,0.105759656895697,3.60931563830429,0.000307005873316414,1.46480185906261,1.19057319187749,1.80219452357202,18M,2016
18M_2016.raceBLACK,-0.323993613868252,0.0817781363305458,-3.96186105976634,7.43678148062939e-05,0.723254861165925,0.616143236434773,0.848986994042119,18M,2016
18M_2016.raceHISPANIC,-0.405721197789271,0.100560442420635,-4.03460036593887,5.46953075813004e-05,0.666495962071371,0.547268332840603,0.811698468193345,18M,2016
18M_2016.raceASIAN - OTHER,-0.589812029635152,0.22710071736108,-2.59713855811991,0.00940039957304074,0.554431491630061,0.35525435378554,0.865279413568293,18M,2016
18M_2016.raceUNKNOWN,-0.522182975536484,0.0286286978699521,-18.2398437368174,2.49169652670042e-74,0.593224139686646,0.560854260572117,0.627462256501322,18M,2016
18M_2016.PAT_GENDER_CDF,0.0124010868950204,0.0265278531182272,0.467474199278483,0.640160647157366,1.01247829921523,0.961180992761623,1.0665132936477,18M,2016
18M_2016.paymentCASH,-0.434864676776692,0.0448915034584015,-9.68701520945178,3.4238850862089e-22,0.647352262945861,0.592828335469855,0.706890894493075,18M,2016
18M_2016.paymentMEDICAID,-0.0751148613395122,0.0429323255905429,-1.74961081903419,0.0801854915801778,0.927636930588674,0.852774034597617,1.00907185266025,18M,2016
18M_2016.paymentMEDICARE,0.0881118986945706,0.0517820156026807,1.70159267979536,0.0888317507120181,1.09211032091036,0.98671011390981,1.20876936014456,18M,2016
1M_2017.max_dosage_1M_cat_grouped1.0-4,-0.60546447302186,0.0278821856410779,-21.71510084668,1.47718531029034e-104,0.545820848695224,0.516793164758021,0.576478984604741,1M,2017
1M_2017.max_dosage_1M_cat_grouped2.5-8,-0.603140403916485,0.0180016624688995,-33.5047057436221,4.11612958234248e-246,0.547090849279669,0.528124612807054,0.566738209330342,1M,2017
1M_2017.max_dosage_1M_cat_grouped3.9-12,-0.408364910699833,0.0271476863541575,-15.042346716861,3.87563692730656e-51,0.664736265183205,0.630291165931848,0.701063772005168,1M,2017
1M_2017.max_dosage_1M_cat_grouped5.17-20,0.100137535302913,0.0314419174036088,3.18484187899494,0.00144833121361512,1.1053229285458,1.03926372903666,1.17558107940662,1M,2017
1M_2017.max_dosage_1M_cat_grouped6.21-24,0.45312571598492,0.0233714589488732,19.3879944327038,9.74637586740992e-84,1.57322195323004,1.50278266298964,1.6469629142521,1M,2017
1M_2017.max_dosage_1M_cat_grouped7.25-32,0.402117548070166,0.0478207659323938,8.40884791846823,4.14057571689618e-17,1.49498705519118,1.36123254053505,1.64188426931868,1M,2017
1M_2017.max_dosage_1M_cat_grouped8.33-40,0.45638754114301,0.0989320857301473,4.61313978953075,3.96631351779496e-06,1.57836190643347,1.30015594660055,1.91609807592235,1M,2017
1M_2017.age_cat2.25-34,0.240704044605036,0.0252431266434445,9.5354291092758,1.49266964899711e-21,1.27214448156693,1.21073598350141,1.33666761708112,1M,2017
1M_2017.age_cat3.35-44,0.390052739959106,0.026273727398448,14.8457329271882,7.41400519139461e-50,1.47705869184346,1.40292196646583,1.5551131362255,1M,2017
1M_2017.age_cat4.45-64,0.443494510541415,0.0272032105050003,16.3030209415868,9.393239709064e-60,1.55814266182985,1.47724253465342,1.64347322640816,1M,2017
1M_2017.age_cat5.65+,0.486191725020627,0.0474605500815613,10.2441232599518,1.25759848017578e-24,1.62611173263203,1.48167137226456,1.78463282513324,1M,2017
1M_2017.raceBLACK,-0.124651219712546,0.0452189184253564,-2.75661656787102,0.00584027917295565,0.882804753791052,0.807930958715532,0.964617366012437,1M,2017
1M_2017.raceHISPANIC,-0.206062584294743,0.0533865305552895,-3.85982348265421,0.000113468959865064,0.813782144707578,0.732934997255929,0.903547219772918,1M,2017
1M_2017.raceASIAN - OTHER,-0.249270140417324,0.10595610238279,-2.35257936835747,0.0186437105447531,0.779369405768046,0.633218151536823,0.959253409228769,1M,2017
1M_2017.raceUNKNOWN,-0.269753071817013,0.0166093314189022,-16.2410554051574,2.58439283350269e-59,0.763568017523205,0.739111297958562,0.788833994277552,1M,2017
1M_2017.PAT_GENDER_CDF,0.0329093696000251,0.0136698122196984,2.40744854948354,0.0160644255934608,1.03345687238714,1.00613577720815,1.06151985773512,1M,2017
1M_2017.paymentCASH,-0.640232936056579,0.0210893186684233,-30.3581612152881,1.96064546941909e-202,0.527169612929252,0.505823623253308,0.549416413192718,1M,2017
1M_2017.paymentMEDICAID,0.130205005522302,0.0205971782868427,6.32149723175798,2.59041019515065e-10,1.13906187336471,1.09399406385959,1.18598628110989,1M,2017
1M_2017.paymentMEDICARE,0.267381678719415,0.0292233714320726,9.14958355646687,5.71534424753203e-20,1.30653902931892,1.23380750820456,1.38355798921804,1M,2017
3M_2017.max_dosage_3M_cat_grouped1.0-4,-0.867084694019759,0.0354703444314384,-24.4453418177478,5.6404647420983e-132,0.420174703272414,0.391956156298348,0.450424820309948,3M,2017
3M_2017.max_dosage_3M_cat_grouped2.5-8,-0.656917211312492,0.0211089166777215,-31.1203659260169,1.27732535171801e-212,0.518447136435063,0.497435227045413,0.540346599243117,3M,2017
3M_2017.max_dosage_3M_cat_grouped3.9-12,-0.501632315937997,0.0314735107456542,-15.9382383488077,3.43912952361908e-57,0.605541417647345,0.569316213643582,0.644071606778294,3M,2017
3M_2017.max_dosage_3M_cat_grouped5.17-20,-0.0137127452195642,0.0319906807633035,-0.428648121652167,0.668179319855936,0.986380846184395,0.926433207224214,1.05020757690087,3M,2017
3M_2017.max_dosage_3M_cat_grouped6.21-24,0.275360560521852,0.0216621363766695,12.7116068209422,5.09761028239443e-37,1.31700544944213,1.26225973279097,1.37412555340344,3M,2017
3M_2017.max_dosage_3M_cat_grouped7.25-32,0.314345300743134,0.0450395373134902,6.97931904928744,2.96614190984687e-12,1.36936249680821,1.25366270371758,1.49574015570878,3M,2017
3M_2017.max_dosage_3M_cat_grouped8.33-40,0.367874728661691,0.0919666325300173,4.00008914691553,6.33186268163893e-05,1.44466105301443,1.20637915702855,1.73000797132253,3M,2017
3M_2017.age_cat2.25-34,0.353232883799903,0.0300207904316959,11.7662752619251,5.82395963076612e-32,1.42366265279889,1.34231161799893,1.50994398155911,3M,2017
3M_2017.age_cat3.35-44,0.504568848578113,0.0307374633149931,16.4154355682303,1.48312666895563e-60,1.65627126278533,1.55943648354295,1.75911909518497,3M,2017
3M_2017.age_cat4.45-64,0.548509317166575,0.0315079609268813,17.4085945593074,7.10057511201466e-68,1.7306712121525,1.62702769224211,1.84091694250506,3M,2017
3M_2017.age_cat5.65+,0.355120985389405,0.0514960100200566,6.89608739106375,5.34543191478158e-12,1.42635321174156,1.28941762171608,1.57783130180721,3M,2017
3M_2017.raceBLACK,-0.133719808534937,0.0458376036606892,-2.9172512927332,0.00353131143861688,0.874835151608905,0.799667021689192,0.957069032150284,3M,2017
3M_2017.raceHISPANIC,-0.266039615037056,0.0567174225912069,-4.69061538558526,2.72384568247184e-06,0.76640876558798,0.685776352886338,0.8565217997061,3M,2017
3M_2017.raceASIAN - OTHER,-0.230688116324072,0.112013766214552,-2.059462190408,0.0394499834470721,0.793987059025738,0.637480835809131,0.988916708531603,3M,2017
3M_2017.raceUNKNOWN,-0.33109889213135,0.0169035967488017,-19.5874817088748,1.97731801559598e-85,0.718134147712441,0.694731851554673,0.742324758763545,3M,2017
3M_2017.PAT_GENDER_CDF,0.058514090518805,0.0144563373976567,4.04764283713314,5.173601060809e-05,1.06025992520176,1.03064022815271,1.09073086638947,3M,2017
3M_2017.paymentCASH,-0.439554863558285,0.0248058216642655,-17.7198268014437,2.94818646951798e-70,0.644323168980192,0.613746452072633,0.676423211381018,3M,2017
3M_2017.paymentMEDICAID,0.0837715387196661,0.0212270631807417,3.94644977528818,7.9318550647954e-05,1.08738044110121,1.04306892723154,1.13357439074301,3M,2017
3M_2017.paymentMEDICARE,0.104555273065806,0.0285098737458642,3.66733553427163,0.000245091092213081,1.11021675725421,1.04988112903746,1.17401981424136,3M,2017
6M_2017.max_dosage_6M_cat_grouped1.0-4,-0.881707890695572,0.0442835247777819,-19.9105174016759,3.29890408044744e-88,0.41407511239999,0.379651328380356,0.451620173279857,6M,2017
6M_2017.max_dosage_6M_cat_grouped2.5-8,-0.662462778415625,0.0256942943674857,-25.7824857511528,1.39396515635051e-146,0.515580010318471,0.490258404879618,0.542209464221764,6M,2017
6M_2017.max_dosage_6M_cat_grouped3.9-12,-0.52907105593552,0.0384397808570577,-13.7636335103711,4.21784027328108e-43,0.589152004814445,0.546395808437751,0.635253930240249,6M,2017
6M_2017.max_dosage_6M_cat_grouped5.17-20,-0.0411867520058759,0.0371466198614283,-1.10876177050614,0.26753296649909,0.959649896669091,0.89226438990485,1.03212448529432,6M,2017
6M_2017.max_dosage_6M_cat_grouped6.21-24,0.251307534886519,0.0242850733951864,10.348230404621,4.26292043575412e-25,1.28570542280919,1.2259421686833,1.34838206602876,6M,2017
6M_2017.max_dosage_6M_cat_grouped7.25-32,0.269692915708278,0.0504937341330899,5.34111648382806,9.23758727315857e-08,1.30956224298671,1.18616689947966,1.44579423773223,6M,2017
6M_2017.max_dosage_6M_cat_grouped8.33-40,0.368451185395448,0.101289792744133,3.63759442499986,0.000275196316039959,1.4454940776847,1.18521813713366,1.76292706224923,6M,2017
6M_2017.age_cat2.25-34,0.508095816084573,0.0385458737307783,13.1815877267005,1.12008444817304e-39,1.66212319142588,1.54117835869822,1.79255923747157,6M,2017
6M_2017.age_cat3.35-44,0.692045784512468,0.0391390488266332,17.6817220974861,5.79973474574455e-70,1.99779842053306,1.8502757063081,2.15708313927341,6M,2017
6M_2017.age_cat4.45-64,0.767287790950418,0.0398448311008374,19.2568965597722,1.2356606073136e-82,2.15391645273406,1.99210796506341,2.32886779568235,6M,2017
6M_2017.age_cat5.65+,0.499620209855227,0.0625456261279939,7.98809190642364,1.37043271760996e-15,1.64809522150122,1.45795247240571,1.86303594290233,6M,2017
6M_2017.raceBLACK,-0.242611296222988,0.052954692324167,-4.58148816610663,4.61678734218454e-06,0.784576422326877,0.707229124275262,0.870382937215773,6M,2017
6M_2017.raceHISPANIC,-0.253822664832982,0.0649742402224649,-3.90651224183492,9.36379014982822e-05,0.775829371679353,0.683061871550943,0.881195743796524,6M,2017
6M_2017.raceASIAN - OTHER,-0.291178347590774,0.130570002448175,-2.23005546550669,0.025743760869667,0.747382372285582,0.578630687784522,0.965348748684473,6M,2017
6M_2017.raceUNKNOWN,-0.392355116470606,0.0191791060495635,-20.4574246295247,5.15924286844388e-93,0.675464202901208,0.650544565620243,0.701338407102001,6M,2017
6M_2017.PAT_GENDER_CDF,0.0845629881395625,0.0167932012943542,5.03554900922864,4.76481195798688e-07,1.0882413883737,1.05300598660176,1.12465582763814,6M,2017
6M_2017.paymentCASH,-0.383338507180438,0.0296248039247933,-12.9397820877936,2.68389683983697e-38,0.681582139782945,0.64313407871996,0.722328715958742,6M,2017
6M_2017.paymentMEDICAID,0.0636267523341415,0.0246397804405309,2.58227756889747,0.00981506090390829,1.06569455651354,1.01545183399244,1.11842319819085,6M,2017
6M_2017.paymentMEDICARE,0.0794518679171617,0.0323776739578077,2.45390907390993,0.0141312708014024,1.08269344598465,1.01612136225064,1.15362705826961,6M,2017
12M_2017.max_dosage_12M_cat_grouped1.0-4,-0.784992206531952,0.0561623944594096,-13.977185518671,2.14816508613715e-44,0.456123256553813,0.408579619393486,0.50919922407802,12M,2017
12M_2017.max_dosage_12M_cat_grouped2.5-8,-0.653866649117424,0.0333200387440766,-19.6238261947899,9.67867308713189e-86,0.520031106440763,0.487155100531773,0.555125772820203,12M,2017
12M_2017.max_dosage_12M_cat_grouped3.9-12,-0.417585566547065,0.0478976190371658,-8.71829487438703,2.82422642461789e-18,0.658635132302777,0.599617591292004,0.723461492463525,12M,2017
12M_2017.max_dosage_12M_cat_grouped5.17-20,-0.0160700303115031,0.0461778646489203,-0.348002889126206,0.727838013748046,0.984058403725647,0.898905846011952,1.07727738810389,12M,2017
12M_2017.max_dosage_12M_cat_grouped6.21-24,0.26379042429646,0.0296125430858217,8.90806384078378,5.1931492789517e-19,1.30185533046208,1.22844716750158,1.37965013578848,12M,2017
12M_2017.max_dosage_12M_cat_grouped7.25-32,0.323849691609768,0.0604911992608839,5.35366624511911,8.61897734399303e-08,1.38243949924651,1.22788001792269,1.55645416586401,12M,2017
12M_2017.max_dosage_12M_cat_grouped8.33-40,0.49471301561296,0.117187524949074,4.2215501678011,2.42627938865309e-05,1.64002750922475,1.30346967166708,2.06348508866644,12M,2017
12M_2017.age_cat2.25-34,0.572332011321826,0.0516789973988022,11.0747506749249,1.66342509232633e-28,1.77239548212028,1.60166391806309,1.96132641162278,12M,2017
12M_2017.age_cat3.35-44,0.758474642295051,0.0522547483291245,14.5149420205381,9.74400446516242e-48,2.13501707070512,1.92717888808335,2.36526973203597,12M,2017
12M_2017.age_cat4.45-64,0.893433087994633,0.0528477116997941,16.9058046083406,4.0772145876007e-64,2.44350403242967,2.20307360032561,2.71017362089836,12M,2017
12M_2017.age_cat5.65+,0.598602313251287,0.0802437904296036,7.45979607950387,8.66564909500899e-14,1.81957382803999,1.55476961022339,2.12947879474722,12M,2017
12M_2017.raceBLACK,-0.327808687781426,0.0660744255166562,-4.96120375195379,7.00576561866456e-07,0.720500847136395,0.632982703349723,0.820119519817983,12M,2017
12M_2017.raceHISPANIC,-0.285925395527332,0.0802544178917223,-3.56273714318253,0.000367008118383102,0.751318665588935,0.641965211666752,0.879299574188396,12M,2017
12M_2017.raceASIAN - OTHER,-0.361670173547412,0.164177538583428,-2.20292115881386,0.0276003060204035,0.696512058062029,0.504871046267257,0.960896947077049,12M,2017
12M_2017.raceUNKNOWN,-0.458280085208434,0.0233302724443066,-19.64315188785,6.61615741354458e-86,0.632370333824284,0.60410540846425,0.661957720454181,12M,2017
12M_2017.PAT_GENDER_CDF,0.0752235602851371,0.0209497079295327,3.59067346132759,0.000329824640431832,1.07812514991065,1.03475314110213,1.12331511033813,12M,2017
12M_2017.paymentCASH,-0.35361508308727,0.0374443033070692,-9.44376185043109,3.59630795865168e-21,0.702145182902882,0.652460571131794,0.755613258006568,12M,2017
12M_2017.paymentMEDICAID,0.0186877910113859,0.0310374002116084,0.602105552783909,0.547103878563573,1.0188635006126,0.95873133401291,1.08276719040308,12M,2017
12M_2017.paymentMEDICARE,0.0322520156887263,0.0398849279832625,0.808626649702381,0.4187299310013,1.03277774870667,0.955117407101588,1.11675263197268,12M,2017
18M_2017.max_dosage_18M_cat_grouped1.0-4,-0.753407196008899,0.0686076151966788,-10.9813931565627,4.69624798078461e-28,0.470759846044453,0.411529056220028,0.538515638928078,18M,2017
18M_2017.max_dosage_18M_cat_grouped2.5-8,-0.696540582523073,0.0417558554600885,-16.6812672102682,1.79373171120308e-62,0.498306174559116,0.459148975891907,0.540802782193719,18M,2017
18M_2017.max_dosage_18M_cat_grouped3.9-12,-0.349576487998587,0.0572742404630445,-6.10355519640889,1.03734721238301e-09,0.704986596788163,0.630128232569265,0.788738031344,18M,2017
18M_2017.max_dosage_18M_cat_grouped5.17-20,0.0406402897149769,0.0547473568238118,0.74232423394915,0.457890912363288,1.04147740802296,0.935510828811519,1.15944696524807,18M,2017
18M_2017.max_dosage_18M_cat_grouped6.21-24,0.209872013892906,0.0360040540124411,5.82912173780168,5.57198454371529e-09,1.23352017640811,1.14947505555739,1.32371034782314,18M,2017
18M_2017.max_dosage_18M_cat_grouped7.25-32,0.387349754063775,0.0703348362483025,5.50722479393166,3.64534652256828e-08,1.47307161396797,1.28337844140238,1.6908028917075,18M,2017
18M_2017.max_dosage_18M_cat_grouped8.33-40,0.639696187951401,0.131002304547428,4.8830911040943,1.04435588514974e-06,1.89590479307928,1.46658473639466,2.45090167326937,18M,2017
18M_2017.age_cat2.25-34,0.614903399216522,0.0663479378190445,9.26786000332961,1.89917957379937e-20,1.8494779299116,1.62395386103424,2.10632130339691,18M,2017
18M_2017.age_cat3.35-44,0.872776218178798,0.066720108567545,13.08115704421,4.21967755075814e-39,2.39354664576848,2.10014671871119,2.72793586011235,18M,2017
18M_2017.age_cat4.45-64,0.997650270544972,0.0673693823368173,14.8086598977138,1.28782261501682e-49,2.71190209983311,2.37645221009258,3.0947026697384,18M,2017
18M_2017.age_cat5.65+,0.663186484307098,0.100104308986158,6.62495442028172,3.47355343127763e-11,1.94096735288792,1.59517850286518,2.36171328676383,18M,2017
18M_2017.raceBLACK,-0.276697761109086,0.0773448848652664,-3.57745391425805,0.00034695736738158,0.758283645287969,0.651621797962016,0.882404622603996,18M,2017
18M_2017.raceHISPANIC,-0.342421907490478,0.0981606952181097,-3.48838103407507,0.000485955019143846,0.710048566694969,0.585778624415095,0.860681742303241,18M,2017
18M_2017.raceASIAN - OTHER,-0.202897812237385,0.184643968715617,-1.09885967924509,0.271829276241295,0.816361659334845,0.568477615701468,1.17233526954194,18M,2017
18M_2017.raceUNKNOWN,-0.505527204997132,0.0278851099057311,-18.1289299811306,1.88389309472156e-73,0.603187488127853,0.571105675159699,0.637071494224338,18M,2017
18M_2017.PAT_GENDER_CDF,0.0575731454222286,0.0254187616227933,2.26498624427879,0.0235135236586311,1.0592627480421,1.00778342267852,1.11337172664292,18M,2017
18M_2017.paymentCASH,-0.29970291953208,0.0450486837365824,-6.65286740195479,2.87437140013102e-11,0.741038335999724,0.678414570355244,0.809442838371956,18M,2017
18M_2017.paymentMEDICAID,0.0193529730925032,0.0378165257289471,0.511759679649503,0.608819212466379,1.01954145581314,0.946706598986475,1.09797986116755,18M,2017
18M_2017.paymentMEDICARE,0.0278117197624792,0.0479340527519897,0.580207976704511,0.561774375109715,1.02820207606458,0.936002344907653,1.12948382552164,18M,2017
1M_2018.max_dosage_1M_cat_grouped1.0-4,-0.568844622746686,0.0262834705622657,-21.6426754373662,7.12469963258715e-104,0.566179211531984,0.537751200472747,0.596110058497628,1M,2018
1M_2018.max_dosage_1M_cat_grouped2.5-8,-0.654485148770353,0.0167990404497478,-38.9596745557083,0,0.519709566828236,0.502876501428835,0.537106094807288,1M,2018
1M_2018.max_dosage_1M_cat_grouped3.9-12,-0.350931635452425,0.0249190528334107,-14.082864136068,4.84074096980252e-45,0.7040318830316,0.670472841763574,0.739270648191002,1M,2018
1M_2018.max_dosage_1M_cat_grouped5.17-20,0.0775174024775617,0.0311905503498852,2.48528485736857,0.0129447805772818,1.08060103743024,1.01652001817993,1.14872169874831,1M,2018
1M_2018.max_dosage_1M_cat_grouped6.21-24,0.507464024571695,0.0221563149346515,22.9038098649719,4.25725988022416e-116,1.66107340775731,1.59048411585536,1.73479561251361,1M,2018
1M_2018.max_dosage_1M_cat_grouped7.25-32,0.356597922425862,0.0483900915425811,7.36923430103602,1.71610823067498e-13,1.42846140207601,1.29920830888936,1.57057337399982,1M,2018
1M_2018.max_dosage_1M_cat_grouped8.33-40,0.181902480317453,0.0984114831364544,1.84838673821461,0.0645464158317519,1.19949721358854,0.989079583150338,1.45467926941119,1M,2018
1M_2018.age_cat2.25-34,0.239462992534423,0.0251956243054941,9.50414999171925,2.01688397642246e-21,1.27056666330379,1.20934691754001,1.33488548445861,1M,2018
1M_2018.age_cat3.35-44,0.364959141778869,0.025916349800639,14.0821969369263,4.88666743900444e-45,1.44045515251171,1.36911429334348,1.51551339174937,1M,2018
1M_2018.age_cat4.45-64,0.466296832436727,0.0268207894173805,17.38564906425,1.05980678370396e-67,1.59408010381019,1.51244727550003,1.68011898234495,1M,2018
1M_2018.age_cat5.65+,0.566374291316263,0.0464618866423263,12.1900837922561,3.51060234396601e-34,1.76186743880637,1.60851383178674,1.92984157834565,1M,2018
1M_2018.raceBLACK,-0.113360323544449,0.042249009521715,-2.68314748269268,0.00729328194392183,0.892828894877713,0.821875084674915,0.969908262694032,1M,2018
1M_2018.raceHISPANIC,-0.192479551675714,0.0496157075965183,-3.8794075707029,0.000104711179718015,0.824911186082583,0.748469703945478,0.909159664495575,1M,2018
1M_2018.raceASIAN - OTHER,-0.0288006469422563,0.102705642992341,-0.28041932364324,0.77915581340721,0.971610138613264,0.794454146588167,1.18827029289263,1M,2018
1M_2018.raceUNKNOWN,-0.277225042920942,0.0159848553081583,-17.3429810640484,2.22872216282839e-67,0.757883921506382,0.734507712103329,0.782004094733164,1M,2018
1M_2018.PAT_GENDER_CDF,0.0296723101923499,0.012820265194997,2.31448489879361,0.0206411386637395,1.03011691982487,1.0045553965534,1.05632887160849,1M,2018
1M_2018.paymentCASH,-0.594078923043173,0.0207366970714761,-28.6486763535908,1.66508308775729e-180,0.552070831477436,0.530082776549862,0.574970960105356,1M,2018
1M_2018.paymentMEDICAID,-0.0457063656785986,0.0177638317277845,-2.57300149984584,0.0100820770799251,0.955322436465614,0.92263383399162,0.989169184990983,1M,2018
1M_2018.paymentMEDICARE,0.136381371641399,0.0272088359117668,5.01239274196291,5.37573414326141e-07,1.1461189075062,1.08659943285774,1.20889861564578,1M,2018
3M_2018.max_dosage_3M_cat_grouped1.0-4,-0.833192869310367,0.033549566960271,-24.8346832701902,3.78550266269152e-136,0.434659258207362,0.406997265494269,0.464201327043154,3M,2018
3M_2018.max_dosage_3M_cat_grouped2.5-8,-0.728832357464939,0.0202876354865245,-35.9249533021749,1.24590792481322e-282,0.482472016167689,0.463663876967435,0.502043091878094,3M,2018
3M_2018.max_dosage_3M_cat_grouped3.9-12,-0.401900337307507,0.0286175583996768,-14.0438374124903,8.40361520081212e-45,0.669047421435175,0.632553978135345,0.707646252496227,3M,2018
3M_2018.max_dosage_3M_cat_grouped5.17-20,-0.0310051109325353,0.0325127584414912,-0.953629049603126,0.340271445828318,0.96947061816444,0.909619456579287,1.03325986783377,3M,2018
3M_2018.max_dosage_3M_cat_grouped6.21-24,0.280520663536815,0.0207900673869912,13.4930136740366,1.71926558510661e-41,1.3238188971603,1.27096045728198,1.37887568605125,3M,2018
3M_2018.max_dosage_3M_cat_grouped7.25-32,0.287548367439223,0.0467398331445303,6.152105133753,7.646116166723e-10,1.33315507190075,1.216453888944,1.46105204799629,3M,2018
3M_2018.max_dosage_3M_cat_grouped8.33-40,0.243580955847225,0.0982515617279389,2.47915607206028,0.0131693667242439,1.27580959790694,1.05233492501807,1.54674152821025,3M,2018
3M_2018.age_cat2.25-34,0.355654485409489,0.0307084613079575,11.581644610677,5.10570219924929e-31,1.42711437423072,1.34375375488809,1.51564632264454,3M,2018
3M_2018.age_cat3.35-44,0.522780414413713,0.0311705150437056,16.771632219766,3.93548026465155e-63,1.68671089127951,1.58674909292517,1.79297006908393,3M,2018
3M_2018.age_cat4.45-64,0.573507240976913,0.0319012379897198,17.9775857338742,2.91930228517312e-72,1.77447967831611,1.66692725318419,1.88897153294603,3M,2018
3M_2018.age_cat5.65+,0.509009448851169,0.0505425427822928,10.0709109758027,7.42867918774844e-24,1.66364245555475,1.50673925981848,1.83688465133489,3M,2018
3M_2018.raceBLACK,-0.274174296297846,0.0443710136401151,-6.17913078393074,6.44554852399673e-10,0.760199563743499,0.696881508385495,0.82927064323269,3M,2018
3M_2018.raceHISPANIC,-0.209120555157207,0.0527389879246707,-3.96519848761419,7.33348976141232e-05,0.811297423659209,0.731625087282939,0.899645899350531,3M,2018
3M_2018.raceASIAN - OTHER,-0.162412723871648,0.108563683671514,-1.49601338476196,0.134650167249191,0.850090279576223,0.687156209173492,1.05165823110175,3M,2018
3M_2018.raceUNKNOWN,-0.341761992252872,0.0164860933340003,-20.7303201145923,1.84558355153171e-95,0.710517293206445,0.687925906125515,0.733850578165758,3M,2018
3M_2018.PAT_GENDER_CDF,0.0868147528982057,0.0138065981386778,6.28791770617286,3.21752382251298e-10,1.09069461298672,1.06157570424725,1.12061225029805,3M,2018
3M_2018.paymentCASH,-0.424857058031875,0.02460867949808,-17.2645207584187,8.70232728318308e-67,0.653863242948997,0.623074500700581,0.68617338696907,3M,2018
3M_2018.paymentMEDICAID,-0.0238028122029837,0.0190857385145516,-1.24715175076069,0.212341860541568,0.976478240367994,0.940625525560296,1.01369751086034,3M,2018
3M_2018.paymentMEDICARE,0.0728525619667856,0.0274356389333808,2.65539877324112,0.00792147041595763,1.0755719450116,1.01926287835331,1.13499179992213,3M,2018
6M_2018.max_dosage_6M_cat_grouped1.0-4,-0.849959920147161,0.0438993352741691,-19.3615669767849,1.62855549251284e-83,0.427432063019604,0.392193069491156,0.465837320211275,6M,2018
6M_2018.max_dosage_6M_cat_grouped2.5-8,-0.724747786140291,0.0259558723514578,-27.9223050694185,1.43045845216453e-171,0.484446737729932,0.460418066909932,0.509729436275758,6M,2018
6M_2018.max_dosage_6M_cat_grouped3.9-12,-0.408622689572202,0.0359704581977462,-11.3599523065793,6.61807585655351e-30,0.664564932302291,0.619325998072837,0.713108363963768,6M,2018
6M_2018.max_dosage_6M_cat_grouped5.17-20,-0.0756972749126199,0.0396199583542677,-1.9105844139401,0.056058008895445,0.927096819548651,0.857828599994892,1.00195833156221,6M,2018
6M_2018.max_dosage_6M_cat_grouped6.21-24,0.202487115017359,0.0244122484248134,8.29448854909834,1.09053382225743e-16,1.22444430807662,1.16723766509731,1.28445466455732,6M,2018
6M_2018.max_dosage_6M_cat_grouped7.25-32,0.267592470833969,0.0542062258803085,4.93656340186521,7.95111966421877e-07,1.30681446647263,1.17509643946763,1.45329693157426,6M,2018
6M_2018.max_dosage_6M_cat_grouped8.33-40,0.265498539337376,0.113447484683461,2.34027700198171,0.0192694420400905,1.3040809493986,1.04408985652089,1.62881299149019,6M,2018
6M_2018.age_cat2.25-34,0.476889830095898,0.0412030950043448,11.5741264107857,5.57360947060823e-31,1.61105594439796,1.48606731961362,1.74655698414447,6M,2018
6M_2018.age_cat3.35-44,0.676617354057709,0.0415383604680943,16.2889759353266,1.1819174226757e-59,1.96721208285071,1.81340023090673,2.13407019198338,6M,2018
6M_2018.age_cat4.45-64,0.751721518980827,0.0422339511120815,17.7989863412469,7.19595711532602e-71,2.12064761112444,1.95217570329956,2.30365857077655,6M,2018
6M_2018.age_cat5.65+,0.678422360708697,0.0630815667074198,10.7546847061568,5.63263138394088e-27,1.97076612030985,1.7415660930075,2.23013017797908,6M,2018
6M_2018.raceBLACK,-0.286600722363823,0.0530852825096565,-5.39887345069113,6.7060654296937e-08,0.750811451218322,0.676619661228632,0.833138419680182,6M,2018
6M_2018.raceHISPANIC,-0.251476104925522,0.0637106496644586,-3.94715963892941,7.90838282732899e-05,0.77765203944116,0.686364340461848,0.881081167532786,6M,2018
6M_2018.raceASIAN - OTHER,-0.262478233343819,0.133472966221917,-1.96652731091188,0.0492377307374615,0.769143105859906,0.592099585172458,0.999124356960183,6M,2018
6M_2018.raceUNKNOWN,-0.387325944837546,0.0194471816820146,-19.9168162858147,2.90909402817841e-88,0.678869784759435,0.653481065361946,0.705244893980303,6M,2018
6M_2018.PAT_GENDER_CDF,0.10671041151195,0.0167373568833412,6.37558320920787,1.82267995005585e-10,1.11261200819293,1.07670536949979,1.14971608375113,6M,2018
6M_2018.paymentCASH,-0.402159950980189,0.0310726320636222,-12.9425775762012,2.58798441828469e-38,0.668873750121597,0.629354120691974,0.710874973075289,6M,2018
6M_2018.paymentMEDICAID,0.00500865386430871,0.0230606822473397,0.217194522286369,0.828056753382944,1.00502121813902,0.960607432144855,1.05148848021542,6M,2018
6M_2018.paymentMEDICARE,0.0309664632310693,0.0325778189776945,0.950538255868865,0.341838824987423,1.03145091177558,0.967649940659542,1.09945853216044,6M,2018
12M_2018.max_dosage_12M_cat_grouped1.0-4,-0.978182532746045,0.0691355855291764,-14.148756031483,1.90090118567563e-45,0.375993834720717,0.328346511599182,0.43055540032831,12M,2018
12M_2018.max_dosage_12M_cat_grouped2.5-8,-0.841746671524322,0.0399736404417517,-21.0575434767041,1.95028915518245e-98,0.430957125112292,0.398481754549557,0.466079165644595,12M,2018
12M_2018.max_dosage_12M_cat_grouped3.9-12,-0.552453784460785,0.0552098362665357,-10.0064376534955,1.42802249651947e-23,0.575535835405502,0.516508736819574,0.641308605688924,12M,2018
12M_2018.max_dosage_12M_cat_grouped5.17-20,-0.0879393126988811,0.0561589413907062,-1.56590046965227,0.117371919900602,0.915816453465789,0.820362621417024,1.02237687888549,12M,2018
12M_2018.max_dosage_12M_cat_grouped6.21-24,0.189608003975822,0.0335785415723362,5.64670158670712,1.63555361727701e-08,1.20877566951777,1.13178413919539,1.29100467891068,12M,2018
12M_2018.max_dosage_12M_cat_grouped7.25-32,0.29148678158748,0.0729950444915633,3.99324068664921,6.51763503049084e-05,1.33841594163949,1.15999897713083,1.54427483829814,12M,2018
12M_2018.max_dosage_12M_cat_grouped8.33-40,0.309035491763366,0.151620316565718,2.03821953919625,0.0415279822882691,1.36211071335665,1.01193580187433,1.8334617591397,12M,2018
12M_2018.age_cat2.25-34,0.60568714472963,0.0657089726293292,9.21772355423012,3.03474379900058e-20,1.83251097661801,1.6110722077984,2.08438607727861,12M,2018
12M_2018.age_cat3.35-44,0.842189174977119,0.0659091431058465,12.7780325352525,2.17502118102642e-37,2.32144346403651,2.04012203722866,2.6415575433117,12M,2018
12M_2018.age_cat4.45-64,0.937982649164454,0.0666675805199749,14.0695468749375,5.84426636662955e-45,2.55482224335868,2.24188401931547,2.91144262545449,12M,2018
12M_2018.age_cat5.65+,0.901692091267147,0.093982146257832,9.59429133266899,8.44957443244202e-22,2.46376850722329,2.04928401139968,2.96208589117879,12M,2018
12M_2018.raceBLACK,-0.362113907972909,0.0757097081598014,-4.78292568779411,1.72762007970078e-06,0.696203060245647,0.600194080094368,0.807569946406662,12M,2018
12M_2018.raceHISPANIC,-0.388228026646708,0.0936344743231017,-4.14620821501129,3.3802646152444e-05,0.678257664808459,0.564537637237986,0.814885367293046,12M,2018
12M_2018.raceASIAN - OTHER,-0.139832048813901,0.177226235229002,-0.789003098966796,0.430110195285448,0.869504257407528,0.614350856214165,1.23062846906208,12M,2018
12M_2018.raceUNKNOWN,-0.457333083357512,0.0269200848081036,-16.9885454157204,9.98343620812611e-65,0.632969473349227,0.600438246206188,0.667263214366288,12M,2018
12M_2018.PAT_GENDER_CDF,0.158399029111751,0.0238075588152608,6.65330831862593,2.86576972809928e-11,1.17163361736548,1.11821881014246,1.22759993025518,12M,2018
12M_2018.paymentCASH,-0.333503275692878,0.0450793889092374,-7.39813213449614,1.38113387565315e-13,0.716409551898454,0.655827649223335,0.782587691536264,12M,2018
12M_2018.paymentMEDICAID,0.159637413535121,0.0315824685479202,5.05462115138031,4.31245939379857e-07,1.1730854489644,1.10267264770677,1.24799456432872,12M,2018
12M_2018.paymentMEDICARE,-0.103171511154123,0.0474946872084505,-2.17227477888867,0.029834943216184,0.901972261910888,0.821799042597925,0.989967034622946,12M,2018
18M_2018.max_dosage_18M_cat_grouped1.0-4,-1.09979561433042,0.100799087852778,-10.9107695095091,1.02385969108381e-27,0.332939124730476,0.273252720416529,0.405662789403614,18M,2018
18M_2018.max_dosage_18M_cat_grouped2.5-8,-0.917119160505271,0.0565986258263046,-16.2039121465566,4.73186325603187e-59,0.399668765768458,0.357703649995817,0.446557149564311,18M,2018
18M_2018.max_dosage_18M_cat_grouped3.9-12,-0.674413335182015,0.0792839787457552,-8.5063003377353,1.7957142977023e-17,0.509455212403118,0.436133417904516,0.595103706319356,18M,2018
18M_2018.max_dosage_18M_cat_grouped5.17-20,-0.0766058291463429,0.0752933515451801,-1.01743152050251,0.308948193579484,0.926254884337995,0.799172799848788,1.07354518437355,18M,2018
18M_2018.max_dosage_18M_cat_grouped6.21-24,0.126637570236523,0.0455076625875194,2.78277465894839,0.00538962251121262,1.13500558342282,1.03815405665228,1.24089258828803,18M,2018
18M_2018.max_dosage_18M_cat_grouped7.25-32,0.228674641574576,0.0987853295812763,2.31486438870898,0.020620354790867,1.25693301872651,1.0356807638964,1.52545134431306,18M,2018
18M_2018.max_dosage_18M_cat_grouped8.33-40,0.41793974669417,0.191043285238851,2.18767043380584,0.0286936172170381,1.51882915716745,1.0444618619521,2.20864168687834,18M,2018
18M_2018.age_cat2.25-34,0.683787914714301,0.0949776515908505,7.1994611707179,6.045096770166e-13,1.98136879152647,1.64482687951053,2.38676929282875,18M,2018
18M_2018.age_cat3.35-44,0.912880961328023,0.0952039467481209,9.58868820578639,8.92120054748929e-22,2.49149009029946,2.06738527057874,3.00259606102478,18M,2018
18M_2018.age_cat4.45-64,1.04547843036271,0.0959983338551377,10.8905893298142,1.27810500960967e-27,2.84475921731139,2.35684804787506,3.43367702969838,18M,2018
18M_2018.age_cat5.65+,1.0090915718275,0.131771999937482,7.65786033684131,1.89056316328343e-14,2.74310796625374,2.11874344381921,3.55146411731707,18M,2018
18M_2018.raceBLACK,-0.488095174362107,0.107613099631299,-4.53564831822895,5.74268039707232e-06,0.613794452767298,0.497075688416455,0.757920049254688,18M,2018
18M_2018.raceHISPANIC,-0.283395114715108,0.121522722118292,-2.33203395854849,0.0196989047677638,0.753222119913774,0.593584752843008,0.955792006465927,18M,2018
18M_2018.raceASIAN - OTHER,-0.153668145872753,0.238074015822899,-0.645463745136574,0.518626705562892,0.857556557479493,0.537791337513766,1.36745090145163,18M,2018
18M_2018.raceUNKNOWN,-0.480519453528856,0.0362968765759618,-13.2385896214301,5.25259453714e-40,0.618462046058987,0.575992854140639,0.664062582835577,18M,2018
18M_2018.PAT_GENDER_CDF,0.20519774691377,0.0323737908815017,6.33839106655315,2.32176906488553e-10,1.2277678282584,1.1522842570452,1.3081961598363,18M,2018
18M_2018.paymentCASH,-0.184699891369917,0.0602121626217392,-3.06748476267538,0.00215868465918743,0.831353742850736,0.738810689861166,0.935488691807917,18M,2018
18M_2018.paymentMEDICAID,0.402459975371919,0.0406072249363842,9.91104356435138,3.72732384687746e-23,1.49549906723309,1.38108756170747,1.61938860511494,18M,2018
18M_2018.paymentMEDICARE,-0.0783199381796856,0.0652163414224201,-1.2009250514743,0.22978027563067,0.924668542443471,0.813717830566206,1.05074742283771,18M,2018
1M_2019.max_dosage_1M_cat_grouped1.0-4,-0.498675456468389,0.0262405021595376,-19.0040363342336,1.57919654046765e-80,0.607334568263082,0.57688871714742,0.63938722814897,1M,2019
1M_2019.max_dosage_1M_cat_grouped2.5-8,-0.606521855327149,0.0163891156761755,-37.007601100091,8.6418337083386e-300,0.54524401240994,0.528007953579964,0.563042717544724,1M,2019
1M_2019.max_dosage_1M_cat_grouped3.9-12,-0.291833014236685,0.024228474580808,-12.0450428384729,2.05969383588274e-33,0.746893246099475,0.712254525500384,0.78321653439422,1M,2019
1M_2019.max_dosage_1M_cat_grouped5.17-20,0.168695912274708,0.0310956923533421,5.42505728310556,5.79359568537306e-08,1.18376011726631,1.11376868374169,1.2581499513191,1M,2019
1M_2019.max_dosage_1M_cat_grouped6.21-24,0.418070147865788,0.0198439847336601,21.0678527260022,1.56886082599274e-98,1.51902722718303,1.46108111654733,1.57927146603337,1M,2019
1M_2019.max_dosage_1M_cat_grouped7.25-32,0.379948096180102,0.0510309054548786,7.44545080659115,9.66139284689042e-14,1.46220869324792,1.32303634894167,1.6160208026938,1M,2019
1M_2019.max_dosage_1M_cat_grouped8.33-40,0.0826583386239335,0.105968477251006,0.780027615459096,0.435374620609507,1.08617064258892,0.882465080068907,1.33689897931135,1M,2019
1M_2019.age_cat2.25-34,0.274504756775047,0.0276949872047073,9.91171271342526,3.70244019886228e-23,1.31587883339381,1.24635535869903,1.38928042639562,1M,2019
1M_2019.age_cat3.35-44,0.418877382365443,0.0280574308347872,14.929285037962,2.12532620655372e-50,1.52025393341991,1.43890992217536,1.60619645918118,1M,2019
1M_2019.age_cat4.45-64,0.502846253351857,0.0288395862708819,17.4359732011676,4.40005053773442e-68,1.65342063375954,1.56255406390948,1.74957133022449,1M,2019
1M_2019.age_cat5.65+,0.665927268813875,0.0449198695382693,14.8247818984991,1.0130841683999e-49,1.94629442297776,1.78226663081024,2.12541822611144,1M,2019
1M_2019.raceBLACK,-0.233232420765591,0.0384079005117861,-6.07251158375656,1.25925011827231e-09,0.791969481978468,0.734540222965995,0.853888787536526,1M,2019
1M_2019.raceHISPANIC,-0.189650867771973,0.0469015098606938,-4.04359834758564,5.26370617701013e-05,0.827247902434543,0.75459346031192,0.90689772450383,1M,2019
1M_2019.raceASIAN - OTHER,-0.0928798501049426,0.0959623683512734,-0.967877843166113,0.333105381147943,0.911302986676835,0.755056546927804,1.09988203784892,1M,2019
1M_2019.raceUNKNOWN,-0.195405802762562,0.0149303715544518,-13.0878057555304,3.86615861588434e-39,0.822500817219996,0.798780736495603,0.846925274256767,1M,2019
1M_2019.PAT_GENDER_CDF,0.0647354086178747,0.0122003684765766,5.3060207765167,1.12044192526211e-07,1.06687670065484,1.04166784508964,1.09269562247284,1M,2019
1M_2019.paymentCASH,-0.457599296740386,0.0237501879271724,-19.267186354212,1.01295512542744e-82,0.632800990831616,0.604019492206065,0.662953926428692,1M,2019
1M_2019.paymentMEDICAID,0.121958060059698,0.0149236678951907,8.17212369748589,3.03007616876511e-16,1.12970672095432,1.09714155194258,1.16323848377602,1M,2019
1M_2019.paymentMEDICARE,0.140259358762537,0.0244652083367393,5.73301305396655,9.86620367801639e-09,1.15057217113734,1.09670302773431,1.20708732219931,1M,2019
3M_2019.max_dosage_3M_cat_grouped1.0-4,-0.899052303810942,0.037631448703534,-23.890983068279,3.80056175761141e-126,0.406955146891222,0.378019843784549,0.438105285487728,3M,2019
3M_2019.max_dosage_3M_cat_grouped2.5-8,-0.781747513500071,0.0218548345925523,-35.7700036662129,3.23349582664344e-280,0.457605640145339,0.438418124338646,0.477632903997091,3M,2019
3M_2019.max_dosage_3M_cat_grouped3.9-12,-0.528268630228193,0.0310360480797758,-17.0211306823059,5.72542598150672e-65,0.589624945253037,0.554827421032072,0.626604891693972,3M,2019
3M_2019.max_dosage_3M_cat_grouped5.17-20,0.0698446106153826,0.0340149264826625,2.05335180280288,0.0400384701258423,1.07234153781558,1.00318163044865,1.14626936820046,3M,2019
3M_2019.max_dosage_3M_cat_grouped6.21-24,0.244965488403791,0.0204782703993658,11.9622157353375,5.60461727794614e-33,1.27757722121486,1.22731495024232,1.32989788468301,3M,2019
3M_2019.max_dosage_3M_cat_grouped7.25-32,0.239501179467629,0.0529165872167325,4.52601333654974,6.01067883387254e-06,1.2706151832745,1.14543740176969,1.40947287165004,3M,2019
3M_2019.max_dosage_3M_cat_grouped8.33-40,-0.00322959292146008,0.11879287609286,-0.0271867558702385,0.97831077908745,0.996775616604035,0.789733800511314,1.25809687924345,3M,2019
3M_2019.age_cat2.25-34,0.365333179313168,0.0368754313230992,9.90722457215894,3.87254277030377e-23,1.44099403758056,1.34052142580048,1.54899711140595,3M,2019
3M_2019.age_cat3.35-44,0.526870029599833,0.0370450573731692,14.2224109492521,6.65210475190205e-46,1.69362301408253,1.57501225207598,1.82116609572356,3M,2019
3M_2019.age_cat4.45-64,0.557297125609457,0.0377777533811013,14.7519922634746,2.9871467908676e-49,1.74594704146648,1.62134181871688,1.88012856784141,3M,2019
3M_2019.age_cat5.65+,0.53502604970597,0.0543006454591923,9.85303296455379,6.6506148040724e-23,1.70749272135821,1.5351049350039,1.89923915102512,3M,2019
3M_2019.raceBLACK,-0.286544734176863,0.0452058878028506,-6.33865958847056,2.31772688027114e-10,0.750853488967021,0.687188497847447,0.820416761427089,3M,2019
3M_2019.raceHISPANIC,-0.36424425627748,0.0571639770049261,-6.3719194388118,1.86676944521918e-10,0.694721483933738,0.621087321613034,0.777085481290506,3M,2019
3M_2019.raceASIAN - OTHER,-0.104652717282505,0.109115503447316,-0.959100347578322,0.337508195338128,0.900637244031331,0.727228042772306,1.1153962686094,3M,2019
3M_2019.raceUNKNOWN,-0.248835157241345,0.0168313731126086,-14.7840081481492,1.85773797632381e-49,0.779708492090504,0.75440641643351,0.805859175366158,3M,2019
3M_2019.PAT_GENDER_CDF,0.125418879469018,0.0141863116816799,8.84083772323875,9.50035599016937e-19,1.13362320511417,1.10253736563774,1.16558550415203,3M,2019
3M_2019.paymentCASH,-0.337130601463554,0.0306848294745239,-10.986882027272,4.41930139322631e-28,0.7138156084516,0.672151335547583,0.758062501585339,3M,2019
3M_2019.paymentMEDICAID,0.22210484652892,0.0169179026709977,13.1283913170675,2.26415286919067e-39,1.24870229310225,1.20797616287651,1.2908014783055,3M,2019
3M_2019.paymentMEDICARE,0.0288846471934177,0.0275598024013141,1.04807163610289,0.294605603227609,1.02930585430763,0.975181596083092,1.08643410208665,3M,2019
6M_2019.max_dosage_6M_cat_grouped1.0-4,-0.967596766413986,0.0507848103282064,-19.0528774285207,6.21880570899995e-81,0.379995158772973,0.343993276926179,0.419764950004776,6M,2019
6M_2019.max_dosage_6M_cat_grouped2.5-8,-0.8390215096445,0.0288928111635424,-29.0391095866503,2.1120988441108e-185,0.432133154749238,0.408341935265426,0.457310521664024,6M,2019
6M_2019.max_dosage_6M_cat_grouped3.9-12,-0.557152686542035,0.0400755606684848,-13.9025550048056,6.11199804212489e-44,0.572837792754121,0.529565011673731,0.619646558163448,6M,2019
6M_2019.max_dosage_6M_cat_grouped5.17-20,-0.0276067239277457,0.0425948457162095,-0.648123580765547,0.516905023456183,0.97277085908645,0.894857234945335,1.05746828358112,6M,2019
6M_2019.max_dosage_6M_cat_grouped6.21-24,0.226254405493827,0.0244819050853078,9.24169931651307,2.42613062460309e-20,1.25389462238486,1.1951488678768,1.31552793656476,6M,2019
6M_2019.max_dosage_6M_cat_grouped7.25-32,0.305162607918686,0.0618885863972565,4.93083823178442,8.18775175103014e-07,1.35684561891086,1.20185140762369,1.53182832909244,6M,2019
6M_2019.max_dosage_6M_cat_grouped8.33-40,0.121846568649034,0.139554706451748,0.873109705484301,0.382603284300437,1.12958077537941,0.859266956076421,1.48493168401704,6M,2019
6M_2019.age_cat2.25-34,0.457983608842236,0.0496228094893242,9.22929623605382,2.72415820601762e-20,1.58088309034491,1.43436850970404,1.74236350591253,6M,2019
6M_2019.age_cat3.35-44,0.646993004502739,0.0496910340282462,13.0203167866252,9.37810337501267e-39,1.90978945787346,1.73256049193613,2.10514772233365,6M,2019
6M_2019.age_cat4.45-64,0.690285292306993,0.050476203686325,13.6754597591499,1.42304986540678e-42,1.99428440609071,1.80643222030755,2.20167147577752,6M,2019
6M_2019.age_cat5.65+,0.586442826122525,0.0704373957822878,8.32573123423158,8.3809762724788e-17,1.79758271478132,1.56578620807591,2.06369400868035,6M,2019
6M_2019.raceBLACK,-0.356347796563554,0.0567899230524094,-6.2748420390479,3.49989430981502e-10,0.700229040625602,0.626470244597292,0.782671984126939,6M,2019
6M_2019.raceHISPANIC,-0.421819057632218,0.0725169356270193,-5.81683511561748,5.99722450542376e-09,0.655852700198224,0.568957443307895,0.756019223259423,6M,2019
6M_2019.raceASIAN - OTHER,-0.0812286323571379,0.131175137886847,-0.619238017704288,0.535759570108828,0.921982872228161,0.712961984057004,1.19228294872749,6M,2019
6M_2019.raceUNKNOWN,-0.28937402846305,0.0204501608274088,-14.1502079570547,1.86205827298211e-45,0.748732105904535,0.719315216913616,0.779352018740295,6M,2019
6M_2019.PAT_GENDER_CDF,0.181605927559645,0.0175279236920325,10.3609492345175,3.73239377806029e-25,1.19914155212066,1.15864570618748,1.24105276905906,6M,2019
6M_2019.paymentCASH,-0.374378248147444,0.0402789176926357,-9.29464517900622,1.4769800251158e-20,0.687716735045391,0.635512527221082,0.744209260090575,6M,2019
6M_2019.paymentMEDICAID,0.285857566117048,0.0205256762868051,13.9268281406548,4.352601350991e-44,1.33090287608689,1.27842388560163,1.38553611640538,6M,2019
6M_2019.paymentMEDICARE,0.0309458454333459,0.0338534281427381,0.914112606347199,0.360657679096045,1.03142964574855,0.965213793532028,1.10218805539032,6M,2019
12M_2019.max_dosage_12M_cat_grouped1.0-4,-1.03459632438153,0.0705051448618734,-14.6740543035322,9.45242264967252e-49,0.355369806100643,0.309504121893326,0.408032365822692,12M,2019
12M_2019.max_dosage_12M_cat_grouped2.5-8,-0.866132961924277,0.0391356044198574,-22.1315851579081,1.56961568982141e-108,0.420574787379471,0.38952106339389,0.454104202319915,12M,2019
12M_2019.max_dosage_12M_cat_grouped3.9-12,-0.577026980356639,0.0535930306206468,-10.7668287028041,4.9371501951501e-27,0.561565432289147,0.505570699283414,0.623761889660687,12M,2019
12M_2019.max_dosage_12M_cat_grouped5.17-20,-0.109327852855307,0.0569022494659677,-1.92132743224315,0.0546904408338143,0.896436470058805,0.80183356912274,1.00220092522527,12M,2019
12M_2019.max_dosage_12M_cat_grouped6.21-24,0.183001766742141,0.0314445014210533,5.8198336266071,5.89062326013515e-09,1.20081652961212,1.12904447362827,1.27715105247879,12M,2019
12M_2019.max_dosage_12M_cat_grouped7.25-32,0.327112819766043,0.0774828717612485,4.22174362320993,2.42419750175504e-05,1.38695794462465,1.1915430903503,1.61442112814561,12M,2019
12M_2019.max_dosage_12M_cat_grouped8.33-40,0.367970719133579,0.162216954532332,2.26838631137189,0.0233056713561729,1.44479973336651,1.05130403381303,1.98557810338165,12M,2019
12M_2019.age_cat2.25-34,0.528538162560265,0.0693345281344397,7.62301521019122,2.47817666025574e-14,1.69645056016059,1.48089255623097,1.94338508284076,12M,2019
12M_2019.age_cat3.35-44,0.742717592521001,0.0692862091195593,10.7195587976155,8.23954303573011e-27,2.10163915975464,1.83476997242353,2.40732474598981,12M,2019
12M_2019.age_cat4.45-64,0.802652338545397,0.0701618485410601,11.4400112772922,2.63851233039526e-30,2.23145165163577,1.94475818393638,2.56040905996305,12M,2019
12M_2019.age_cat5.65+,0.661682995508946,0.0948521731363626,6.97593922869526,3.0383405267256e-12,1.93805132287381,1.60926274588293,2.33401471555978,12M,2019
12M_2019.raceBLACK,-0.244733030946809,0.0699952964251657,-3.49642109464399,0.000471543928358173,0.782913524026499,0.682548773803993,0.898036315686961,12M,2019
12M_2019.raceHISPANIC,-0.494359123663696,0.0966059971457037,-5.11727158012862,3.09987122616154e-07,0.609961692075078,0.504744257506723,0.73711242924668,12M,2019
12M_2019.raceASIAN - OTHER,0.00899930649266788,0.160081304029665,0.0562170988499706,0.955168859790758,1.00903992199704,0.737304519650208,1.38092407824494,12M,2019
12M_2019.raceUNKNOWN,-0.353131273805534,0.0261678610042796,-13.4948467414965,1.67703531106503e-41,0.702484969448811,0.667364210792698,0.73945399576542,12M,2019
12M_2019.PAT_GENDER_CDF,0.197570550954542,0.0228191315596167,8.65810999153819,4.79650591579851e-18,1.21843902397355,1.16514538699969,1.27417030673273,12M,2019
12M_2019.paymentCASH,-0.372452152184383,0.054591175474931,-6.82257066172567,8.94256176522121e-12,0.689042619953374,0.619124503514439,0.766856632902007,12M,2019
12M_2019.paymentMEDICAID,0.37488696011152,0.0262478733990216,14.2825650829867,2.81062588805063e-46,1.45482695184656,1.38187610681198,1.53162895673912,12M,2019
12M_2019.paymentMEDICARE,0.0942713115218472,0.043279351092781,2.17820529054955,0.0293907563767996,1.09885783826979,1.0094900901253,1.1961370998472,12M,2019
18M_2019.max_dosage_18M_cat_grouped1.0-4,-1.04417607206056,0.085462344740669,-12.2179665819965,2.49241056119931e-34,0.351981707501189,0.29769696977886,0.416165211582379,18M,2019
18M_2019.max_dosage_18M_cat_grouped2.5-8,-0.866406359551488,0.047100413125826,-18.3948781348676,1.44385085893819e-75,0.420459818947301,0.383382737970592,0.461122637615359,18M,2019
18M_2019.max_dosage_18M_cat_grouped3.9-12,-0.560375388055298,0.0637297475149892,-8.79299557751264,1.45624206738878e-18,0.570994679030436,0.50394739168892,0.646962220378606,18M,2019
18M_2019.max_dosage_18M_cat_grouped5.17-20,-0.122813367187041,0.0680449876229909,-1.804884848646,0.0710927032080941,0.884428710576771,0.774003338374335,1.01060823036681,18M,2019
18M_2019.max_dosage_18M_cat_grouped6.21-24,0.119014174150657,0.0378068010249265,3.1479567412273,0.00164416022984448,1.12638588373842,1.04593812060471,1.21302124293132,18M,2019
18M_2019.max_dosage_18M_cat_grouped7.25-32,0.331586064251489,0.0907514628669012,3.65378203035474,0.000258405658397712,1.39317604377222,1.16616019323788,1.66438496202801,18M,2019
18M_2019.max_dosage_18M_cat_grouped8.33-40,0.407305522654477,0.186795354041626,2.18049064841148,0.029221111281198,1.50276316372289,1.04205357364222,2.16716029133623,18M,2019
18M_2019.age_cat2.25-34,0.623775336585648,0.0876378982460448,7.11764372571314,1.09787712687774e-12,1.86595938538549,1.57146485393244,2.21564257017605,18M,2019
18M_2019.age_cat3.35-44,0.856649403205742,0.087505149215381,9.7897027876294,1.24661782636335e-22,2.35525594526875,1.98405446833118,2.79590639081076,18M,2019
18M_2019.age_cat4.45-64,0.934776535360576,0.0884227123338402,10.5716790481537,4.03210111066518e-26,2.54664430919679,2.14142437575676,3.02854366980507,18M,2019
18M_2019.age_cat5.65+,0.769675599623776,0.117196000821627,6.56742204706478,5.11937961696999e-11,2.1590657384295,1.71596509316642,2.7165849010706,18M,2019
18M_2019.raceBLACK,-0.263058216712415,0.0830369196301381,-3.16796694631889,0.00153508972447614,0.768697144987882,0.653242021257657,0.904558006808713,18M,2019
18M_2019.raceHISPANIC,-0.622816851643002,0.12104801683988,-5.14520491869644,2.67228945454989e-07,0.536431260120564,0.423133898525053,0.680064863244462,18M,2019
18M_2019.raceASIAN - OTHER,-0.0545332975070377,0.192038582272562,-0.283970527493471,0.776432966923492,0.946926978025164,0.649909600184725,1.37968526923899,18M,2019
18M_2019.raceUNKNOWN,-0.383325822394237,0.030886755711981,-12.4106858605918,2.28685377992561e-35,0.681590785561501,0.641553467235616,0.724126706015804,18M,2019
18M_2019.PAT_GENDER_CDF,0.215675992590173,0.0271874199337038,7.93293343451113,2.14029164481798e-15,1.24070031777245,1.17631847946913,1.30860587960443,18M,2019
18M_2019.paymentCASH,-0.381951567393357,0.0664609582934278,-5.74700662164733,9.08371735917395e-09,0.682528109020321,0.599168359931166,0.777485345949129,18M,2019
18M_2019.paymentMEDICAID,0.433392218198699,0.0308837266338377,14.0330285699347,9.78806249370919e-45,1.54248109122739,1.45188284268037,1.63873271785596,18M,2019
18M_2019.paymentMEDICARE,0.0654081543891144,0.0520177607910311,1.25741964656795,0.208601718747521,1.06759467892499,0.964114916664884,1.18218106448519,18M,2019
